Grand Theft Auto IV	9.8	Rockstar North	Rockstar Games
Grand Theft Auto V	9.7	Rockstar North	Rockstar Games
BioShock	9.6	Irrational Games	2K Games
Mass Effect 2	9.6	BioWare	Electronic Arts
The Elder Scrolls V: Skyrim	9.6	Bethesda Game Studios	Bethesda Softworks
The Orange Box	9.6	Valve Software	EA Games
Portal 2	9.5	Valve Software	Valve Software
Red Dead Redemption	9.5	Rockstar San Diego	Rockstar Games
Batman: Arkham City	9.4	Rocksteady Studios	Warner Bros. Interactive Entertainment
Call of Duty 4: Modern Warfare	9.4	Infinity Ward	Activision
Call of Duty: Modern Warfare 2	9.4	Infinity Ward	Activision
Gears of War	9.4	Epic Games	Microsoft Game Studios
Halo 3	9.4	Bungie	Microsoft Game Studios
The Elder Scrolls IV: Oblivion	9.4	Bethesda Game Studios	2K Games
BioShock Infinite	9.3	Irrational Games	2K Games
Braid	9.3	Number None Inc.	Number None Inc.
Fallout 3	9.3	Bethesda Game Studios	Bethesda Softworks
Gears of War 2	9.3	Epic Games	Microsoft Game Studios
Mass Effect 3	9.3	BioWare	Electronic Arts
Pac-Man Championship Edition DX	9.3	Namco Bandai Games	Namco Bandai Games
Rock Band 3	9.3	Harmonix Music Systems	MTV Games
Street Fighter IV	9.3	Capcom	Capcom
Batman: Arkham Asylum	9.2	Rocksteady Studios	Eidos Interactive
Forza Motorsport 3	9.2	Turn 10	Microsoft Game Studios
Guitar Hero II	9.2	Harmonix Music Systems	RedOctane
Rock Band	9.2	Harmonix Music Systems	MTV Games
Rock Band 2	9.2	Harmonix Music Systems	MTV Games
The Walking Dead: A Telltale Games Series	9.2	Telltale Games	Telltale Games
Dark Souls II	9.1	From Software	Namco Bandai Games
Far Cry 3	9.1	Ubisoft Montreal	Ubisoft
Forza Motorsport 4	9.1	Turn 10	Microsoft Game Studios
Gears of War 3	9.1	Epic Games	Microsoft Game Studios
Halo: Reach	9.1	Bungie	Microsoft Game Studios
Mass Effect	9.1	BioWare	Microsoft Game Studios
Super Street Fighter IV	9.1	Capcom	Capcom
Assassin's Creed II	9.0	Ubisoft Montreal	Ubisoft
Bayonetta	9.0	PlatinumGames	Sega
Dead Space 2	9.0	Visceral Games	Electronic Arts
FIFA Soccer 10	9.0	EA Sports	Electronic Arts
FIFA Soccer 12	9.0	Electronic Arts	Electronic Arts
FIFA Soccer 13	9.0	Electronic Arts	EA Sports
Forza Motorsport 2	9.0	Turn 10	Microsoft Game Studios
Geometry Wars: Retro Evolved 2	9.0	Bizarre Creations	Bizarre Creations
Grand Theft Auto IV: The Lost and Damned	9.0	Rockstar North	Rockstar Games
LIMBO	9.0	PLAYDEAD	PLAYDEAD
Mark of the Ninja	9.0	Klei Entertainment	Microsoft Game Studios
Metal Gear Solid HD Collection	9.0	Bluepoint Games	Konami
NBA 2K12	9.0	Visual Concepts	2K Sports
Portal: Still Alive	9.0	Valve Software	Microsoft Game Studios
Rayman Legends	9.0	Ubisoft Montpellier	Ubisoft
Super Meat Boy	9.0	Team Meat	Team Meat
Tom Clancy's Ghost Recon Advanced Warfighter	9.0	Ubisoft Paris	Ubisoft
Trials Evolution	9.0	RedLynx	Microsoft Game Studios
XCOM: Enemy Unknown	9.0	Firaxis Games	2K Games
Assassin's Creed: Brotherhood	8.9	Ubisoft Montreal	Ubisoft
Borderlands 2	8.9	Gearbox Software	2K Games
Burnout Revenge	8.9	Criterion Games	Electronic Arts
Call of Duty 2	8.9	Infinity Ward	Activision
Castlevania: Symphony of the Night	8.9	Digital Eclipse	Konami
Dark Souls	8.9	From Software	Namco Bandai Games
Dark Souls: Artorias of the Abyss	8.9	From Software	Namco Bandai Games
Dead Space (2008)	8.9	EA Redwood Shores	Electronic Arts
Deus Ex: Human Revolution	8.9	Eidos Montreal	Square Enix
Fez	8.9	Polytron Corp.	Polytron Corp.
Grand Theft Auto IV: The Ballad of Gay Tony	8.9	Rockstar North	Rockstar Games
L.A. Noire	8.9	Team Bondi	Rockstar Games
Left 4 Dead	8.9	Certain Affinity	Electronic Arts
Left 4 Dead 2	8.9	Valve Software	Electronic Arts
NBA 2K11	8.9	Visual Concepts	2K Sports
Peggle	8.9	PopCap	PopCap
Peggle Nights	8.9	PopCap	PopCap
Pinball FX 2: Sorcerer's Lair	8.9	Zen Studios	Zen Studios
Plants vs. Zombies	8.9	PopCap	PopCap
Rez	8.9	HexaDrive	Q Entertainment
The Beatles: Rock Band	8.9	Harmonix Music Systems	MTV Games
The Walking Dead: Episode 5 - No Time Left	8.9	Telltale Games	Telltale Games
Virtua Fighter 5 Online	8.9	Sega AM2	Sega
Battlefield: Bad Company 2	8.8	EA DICE	EA Games
Battlefield: Bad Company 2 Vietnam	8.8	EA DICE	EA Games
BioShock 2	8.8	2K Marin	2K Games
Burnout Paradise	8.8	Criterion Games	Electronic Arts
Call of Duty: Modern Warfare 3	8.8	Infinity Ward	Activision
Dishonored	8.8	Arkane Studios	Bethesda Softworks
FIFA Soccer 11	8.8	EA Sports	Electronic Arts
Joe Danger: Special Edition	8.8	Hello Games	Microsoft Game Studios
Mortal Kombat Komplete Edition	8.8	High Voltage Software	Warner Bros. Interactive Entertainment
NBA 2K13	8.8	Visual Concepts	2K Sports
Need for Speed: Hot Pursuit	8.8	Criterion Games	Electronic Arts
NHL 10	8.8	EA Canada	EA Sports
NHL 11	8.8	Electronic Arts	Electronic Arts
Pinball FX 2	8.8	Zen Studios	Microsoft Game Studios
Project Gotham Racing 3	8.8	Bizarre Creations	Microsoft Game Studios
Star Wars Pinball: Balance of the Force	8.8	Zen Studios	Zen Studios
Super Street Fighter II Turbo HD Remix	8.8	Backbone Entertainment	Capcom
The Secret of Monkey Island: Special Edition	8.8	LucasArts	LucasArts
The Walking Dead: Episode 3 - Long Road Ahead	8.8	Telltale Games	Telltale Games
The Witcher 2: Assassins of Kings	8.8	CD Projekt Red Studio	Warner Bros. Interactive Entertainment
Tom Clancy's Rainbow Six: Vegas	8.8	Ubisoft Montreal	Ubisoft
XCOM: Enemy Within	8.8	Firaxis Games	2K Games
Bit.Trip Presents...Runner2: Future Legend of Rhythm Alien	8.7	Gaijin Games	Gaijin Games
Call of Duty: Black Ops	8.7	Treyarch	Activision
Diablo III	8.7	Blizzard Entertainment	Blizzard Entertainment
DiRT 2	8.7	Codemasters	Codemasters
DiRT 3	8.7	Codemasters	Codemasters
GRID (2008)	8.7	Codemasters	Codemasters
Halo 4	8.7	343 Industries	Microsoft Game Studios
Ikaruga	8.7	Treasure	Atari SA
Mass Effect 2: Lair of the Shadow Broker	8.7	BioWare	Electronic Arts
NBA 2K14	8.7	Visual Concepts	2K Sports
Pinball FX 2: Star Wars Pinball	8.7	Zen Studios	Microsoft Game Studios
Puzzle Quest: Challenge of the Warlords	8.7	1st Playable Productions	D3Publisher
Rayman Origins	8.7	UBlart Montpellier	Ubisoft
Red Dead Redemption: Undead Nightmare Pack	8.7	Rockstar San Diego	Rockstar Games
Rocksmith 2014 Edition	8.7	Ubisoft	Ubisoft
Spelunky	8.7	Mossmouth	Microsoft Game Studios
Assassin's Creed IV: Black Flag	8.6	Ubisoft	Ubisoft
Bastion	8.6	Supergiant Games	Warner Bros. Interactive Entertainment
BlazBlue: Calamity Trigger	8.6	Arc System Works	Aksys Games
Borderlands 2: Tiny Tina's Assault on Dragon Keep	8.6	Gearbox Software	2K Games
Brothers: A Tale of Two Sons	8.6	Starbreeze	505 Games
Dance Central 2	8.6	Harmonix Music Systems	Microsoft Game Studios
Dance Central 3	8.6	Harmonix Music Systems	Microsoft Game Studios
DJ Hero 2	8.6	FreeStyleGames	Activision
DmC: Devil May Cry	8.6	Ninja Theory	Capcom
Dragon Age: Origins	8.6	BioWare	Electronic Arts
Fight Night Champion	8.6	EA Canada	EA Sports
Fight Night Round 3	8.6	EA Chicago	EA Sports
Geometry Wars: Retro Evolved	8.6	Bizarre Creations	Bizarre Creations
Max Payne 3	8.6	Rockstar Games	Rockstar Games
Mortal Kombat (2011)	8.6	NetherRealm Studios	Warner Bros. Interactive Entertainment
NCAA Football 11	8.6	EA Tiburon	Electronic Arts
NHL 12	8.6	Electronic Arts	Electronic Arts
Pinball FX 2: Marvel Pinball	8.6	Zen Studios	Zen Studios
Radiant Silvergun	8.6	Treasure	Microsoft Game Studios
Skate	8.6	EA Black Box	EA Games
Street Fighter III: 3rd Strike - Fight for the Future	8.6	Iron Galaxy Studios	Capcom
The Elder Scrolls IV: Knights of the Nine	8.6	Bethesda Softworks	Bethesda Softworks
The Elder Scrolls IV: Shivering Isles	8.6	Bethesda Softworks	Bethesda Softworks
Tom Clancy's Ghost Recon Advanced Warfighter 2	8.6	Red Storm Entertainment	Ubisoft
Tomb Raider	8.6	Crystal Dynamics	Square Enix
Trials HD	8.6	RedLynx	Microsoft Game Studios
BattleBlock Theater	8.5	The Behemoth	Microsoft Game Studios
Bionic Commando: Rearmed	8.5	GRIN	Capcom
BlazBlue: Continuum Shift	8.5	Arc System Works	Aksys Games
Borderlands: The Secret Armory of General Knoxx	8.5	Gearbox Software	2K Games
Call of Duty: Modern Warfare 3 - Collection 1	8.5	Infinity Ward	Activision
Dead or Alive 4	8.5	Team Ninja	Tecmo
Dead Rising	8.5	Capcom	Capcom
F.E.A.R.	8.5	Monolith Productions	VU Games
Far Cry 2	8.5	Ubisoft Montreal	Ubisoft
Forza Horizon	8.5	Playground Games	Microsoft Game Studios
Gears of War 3: Forces of Nature Map Pack	8.5	Epic Games	Microsoft Game Studios
Guitar Hero 5	8.5	Neversoft Entertainment	Activision
Guitar Hero III: Legends of Rock	8.5	Neversoft Entertainment	RedOctane
Guitar Hero World Tour (2008)	8.5	Neversoft Entertainment	Activision
Lara Croft and the Guardian of Light	8.5	Crystal Dynamics	Square Enix
Madden NFL 08	8.5	EA Tiburon	EA Sports
Madden NFL 10	8.5	EA Tiburon	Electronic Arts
Marvel vs. Capcom 3: Fate of Two Worlds	8.5	Capcom	Capcom
Monkey Island 2 Special Edition: LeChuck's Revenge	8.5	LucasArts	LucasArts
NBA JAM: On Fire Edition	8.5	EA Sports	Electronic Arts
NHL 08	8.5	EA Canada	Electronic Arts
Persona 4 Arena Ultimax	8.5	Arc System Works	Atlus
Pinball FX 2: Marvel Pinball - Civil War	8.5	Zen Studios	Zen Studios
Project Gotham Racing 4	8.5	Bizarre Creations	Microsoft Game Studios
Pure	8.5	Black Rock Studio	Disney Interactive Studios
Red Faction: Guerrilla	8.5	Volition Inc.	THQ
SoulCalibur IV	8.5	Project Soul	Namco Bandai Games
The Wolf Among Us: Episode 5 - Cry Wolf	8.5	Telltale Games	Telltale Games
Tom Clancy's Splinter Cell: Conviction	8.5	Ubisoft Montreal	Ubisoft
Tom Clancy's Splinter Cell: Conviction - Deniable Ops Insurgency Pack	8.5	Ubisoft Montreal	Ubisoft
Tom Clancy's Splinter Cell: Double Agent	8.5	Ubisoft Shanghai	Ubisoft
Trials Evolution: Origin of Pain	8.5	RedLynx	Microsoft Game Studios
Trine 2	8.5	Frozenbyte, Inc.	Frozenbyte, Inc.
UFC Undisputed 3	8.5	Yuke's	THQ
Assassin's Creed III	8.4	Ubisoft	Ubisoft
Battlefield 3	8.4	EA DICE	Electronic Arts
Beyond Good & Evil HD	8.4	Ubisoft Shanghai	Ubisoft
BioShock Infinite: Burial at Sea - Episode Two	8.4	Irrational Games	2K Games
Bomberman Live	8.4	Backbone Entertainment	Hudson Entertainment
Borderlands	8.4	Gearbox Software	2K Games
Bulletstorm	8.4	People Can Fly	Electronic Arts
Call of Duty: World at War	8.4	Treyarch	Activision
Child of Eden	8.4	Q Entertainment	Ubisoft
Crysis 2	8.4	Crytek	EA Games
Devil May Cry 4	8.4	Capcom	Capcom
DJ Hero	8.4	FreeStyleGames	Activision
F1 2010	8.4	Codemasters Birmingham	Codemasters
F1 2011	8.4	Codemasters	Codemasters
F1 2012	8.4	Codemasters	Codemasters
Fallout: New Vegas	8.4	Obsidian Entertainment	Bethesda Softworks
FIFA 14	8.4	EA Canada	EA Sports
Guitar Hero: Metallica	8.4	Neversoft Entertainment	Activision
Madden NFL 11	8.4	EA Tiburon	Electronic Arts
Mass Effect 3: Citadel	8.4	BioWare	Electronic Arts
Might & Magic: Clash of Heroes	8.4	Capy Games	Ubisoft
NBA 2K7	8.4	Visual Concepts	2K Sports
Need for Speed: Most Wanted	8.4	Criterion Games	Electronic Arts
Outland	8.4	Housemarque	Ubisoft
Pinball FX 2: Epic Quest	8.4	Zen Studios	Zen Studios
Pinball FX 2: Marvel Pinball - Vengeance and Virtue	8.4	Zen Studios	Zen Studios
Resident Evil 4 HD	8.4	Capcom	Capcom
Saints Row: The Third	8.4	Volition Inc.	THQ
Sega Vintage Collection: Streets of Rage	8.4	M2	Sega
Sid Meier's Civilization Revolution	8.4	Firaxis Games	2K Games
Skate 2	8.4	EA Black Box	EA Games
'Splosion Man	8.4	Twisted Pixel Games	Twisted Pixel Games
Stacking	8.4	Double Fine Productions	THQ
The Walking Dead: Episode 2 - Starved for Help	8.4	Telltale Games	Telltale Games
The Walking Dead: Season Two Episode 5 - No Going Back	8.4	Telltale Games	Telltale Games
Tiger Woods PGA Tour 09	8.4	EA Tiburon	Electronic Arts
Top Spin 4	8.4	2K Czech	2K Sports
UFC Undisputed 2010	8.4	Yuke's	THQ
Ultra Street Fighter IV	8.4	Capcom	Capcom
Vanquish	8.4	PlatinumGames	Sega
Viva Pinata	8.4	Rare Ltd.	Microsoft Game Studios
Worms 2: Armageddon	8.4	Team17	Team17
2010 FIFA World Cup South Africa	8.3	Electronic Arts	EA Sports
Alan Wake	8.3	Remedy Entertainment	Microsoft Game Studios
Battlefield 1943	8.3	EA DICE	Electronic Arts
Battlefield 3: Back to Karkand	8.3	EA DICE	Electronic Arts
Battlefield: Bad Company	8.3	EA DICE	EA Games
Borderlands 2: Mr. Torgue's Campaign of Carnage	8.3	Gearbox Software	2K Games
Call of Duty: Black Ops II	8.3	Treyarch	Activision
Castlevania: Lords of Shadow	8.3	Mercury Steam	Konami
Costume Quest: Grubbins on Ice	8.3	Double Fine Productions	THQ
Crackdown	8.3	Realtime Worlds	Microsoft Game Studios
Dark Souls II: Crown of the Ivory King	8.3	Namco Bandai Games	Bandai Namco Games
Darksiders	8.3	Vigil Games	THQ
Darksiders II	8.3	Vigil Games	THQ
DiRT	8.3	Codemasters	Codemasters
Dust: An Elysian Tail	8.3	Humble Hearts	Microsoft Game Studios
Fallout 3: Point Lookout	8.3	Bethesda Game Studios	Bethesda Softworks
Fallout: New Vegas - Old World Blues	8.3	Obsidian Entertainment	Bethesda Softworks
Guardian Heroes	8.3	Treasure	Sega
Halo 3: ODST	8.3	Bungie	Microsoft Game Studios
Madden NFL 09	8.3	EA Tiburon	Electronic Arts
Magic: Duels of the Planeswalkers 2014	8.3	Stainless Games	Microsoft Game Studios
Ms. 'Splosion Man	8.3	Twisted Pixel Games	Twisted Pixel Games
N+	8.3	Slick Entertainment	Microsoft Game Studios
NCAA Football 09	8.3	EA Tiburon	Electronic Arts
NCAA Football 10	8.3	EA Tiburon	Electronic Arts
Need for Speed: Most Wanted (2005)	8.3	EA Canada	Electronic Arts
Need for Speed: Shift	8.3	Slightly Mad Studios	EA Games
NHL 13	8.3	Electronic Arts	Electronic Arts
Pac-Man Championship Edition	8.3	Namco Bandai Games	Namco Bandai Games
Persona 4 Arena	8.3	Arc System Works	Atlus
Pinball Hall of Fame: The Williams Collection	8.3	Farsight Studios	System 3
RAGE: The Scorchers	8.3	id Software	Bethesda Softworks
Resident Evil 5	8.3	Capcom	Capcom
Sine Mora	8.3	Grasshopper Manufacture	Microsoft Game Studios
Skylanders Swap Force	8.3	Vicarious Visions	Activision
Street Fighter X Tekken	8.3	Capcom	Capcom
Super Puzzle Fighter II Turbo HD Remix	8.3	Backbone Entertainment	Capcom
Tekken Tag Tournament 2	8.3	Namco Bandai Games	Namco Bandai Games
The Misadventures of P.B. Winterbottom	8.3	The Odd Gentlemen	2K Play
The Wolf Among Us	8.3	Telltale Games	Telltale Games
Titanfall	8.3	Respawn Entertainment	Electronic Arts
UFC Undisputed 2009	8.3	Yuke's	THQ
BioShock 2: Minerva's Den	8.2	2K Marin	2K Games
Blur	8.2	Bizarre Creations	Activision
Brutal Legend	8.2	Double Fine Productions	EA Games
Call of Duty 3	8.2	Treyarch	Activision
Castle Crashers	8.2	The Behemoth	The Behemoth
Catherine	8.2	Atlus	Atlus
College Hoops 2K7	8.2	2K Sports	2K Sports
Command & Conquer 3: Tiberium Wars	8.2	EA LA	EA Games
Dance Central (2010)	8.2	Harmonix Music Systems	MTV Games
Dark Souls II: Crown of the Old Iron King	8.2	From Software	Namco Bandai Games
Darkstalkers Resurrection	8.2	Iron Galaxy Studios	Capcom
Defense Grid: The Awakening	8.2	Hidden Path Entertainment	Hidden Path Entertainment
DOOM (1993)	8.2	Nerve Software	Activision
Enslaved: Odyssey to the West	8.2	Ninja Theory	Namco Bandai Games
Fallout 3: Broken Steel	8.2	Bethesda Game Studios	Bethesda Softworks
FIFA 08 Soccer	8.2	EA Canada	EA Sports
Final Fantasy XIII	8.2	Square Enix	Square Enix
Halo: Combat Evolved Anniversary	8.2	343 Industries	Microsoft Game Studios
Halo Wars	8.2	Ensemble Studios	Microsoft Game Studios
Hitman: Blood Money	8.2	Io Interactive	Eidos Interactive
Iron Brigade	8.2	Double Fine Productions	Microsoft Game Studios
Joe Danger 2: The Movie	8.2	Hello Games	Microsoft Game Studios
Marvel: Ultimate Alliance	8.2	Raven Software	Activision
Marvel vs. Capcom 2	8.2	Backbone Entertainment	Capcom
Mega Man 9	8.2	Inti Creates	Capcom
Metal Gear Rising: Revengeance	8.2	PlatinumGames	Konami
Minecraft	8.2	4J Studios	Microsoft Game Studios
NBA 2K10	8.2	Visual Concepts	2K Sports
NCAA Football 12	8.2	EA Sports	EA Sports
Prince of Persia Classic	8.2	Gameloft	Ubisoft
Pro Evolution Soccer 2013	8.2	Konami	Konami
Shift 2: Unleashed	8.2	Slightly Mad Studios	Electronic Arts
Sonic & All-Stars Racing Transformed	8.2	Sumo Digital	Sega
Sonic CD	8.2	Sega	Sega
Sonic the Hedgehog 2	8.2	M2	Sega
Split/Second	8.2	Black Rock Studio	Disney Interactive Studios
SSX	8.2	EA Canada	EA Sports
Test Drive Unlimited	8.2	Eden Studios	Atari SA
The Chronicles of Riddick: Assault on Dark Athena	8.2	Starbreeze	Atari SA
The Darkness (2007)	8.2	Starbreeze	2K Games
The Elder Scrolls V: Skyrim - Dragonborn	8.2	Bethesda Game Studios	Bethesda Softworks
The Pinball Arcade	8.2	Farsight Studios	Farsight Studios
The Walking Dead: Episode 4 - Around Every Corner	8.2	Telltale Games	Telltale Games
The Walking Dead: Season Two Episode 3 - In Harm's Way	8.2	Telltale Games	Telltale Games
The Wolf Among Us: Episode 1 - Faith	8.2	Telltale Games	Telltale Games
Tom Clancy's Rainbow Six: Vegas 2	8.2	Ubisoft Montreal	Ubisoft
Tom Clancy's Splinter Cell: Blacklist	8.2	Ubisoft Toronto	Ubisoft
Unreal Tournament III	8.2	Epic Games	Midway
Viva Pinata: Trouble in Paradise	8.2	Rare Ltd.	Microsoft Game Studios
You Don't Know Jack (2011)	8.2	Jellyvision	THQ
Assassin's Creed	8.1	Ubisoft Montreal	Ubisoft
Borderlands 2: Captain Scarlett and Her Pirate's Booty	8.1	Gearbox Software	2K Games
Borderlands: The Zombie Island of Dr. Ned	8.1	Gearbox Software	2K Games
Catan (2003)	8.1	Big Huge Games	Microsoft Game Studios
College Hoops 2K8	8.1	Visual Concepts	2K Sports
Condemned: Criminal Origins	8.1	Monolith Productions	Sega
Crysis	8.1	Crytek	EA Games
Dishonored: The Brigmore Witches	8.1	Arkane Studios	Bethesda Softworks
Dungeon Siege III: Treasures of the Sun	8.1	Obsidian Entertainment	Square Enix
Halo: Reach - Defiant Map Pack	8.1	Bungie	Microsoft Game Studios
ilomilo	8.1	Southend Interactive	Microsoft Game Studios
Injustice: Gods Among Us	8.1	NetherRealm Studios	Warner Bros. Interactive Entertainment
Just Cause 2	8.1	Avalanche Studios	Square Enix
Kinect Party	8.1	Double Fine Productions	Microsoft Game Studios
Kingdoms of Amalur: Reckoning - The Legend of Dead Kel	8.1	Big Huge Games	Electronic Arts
Lego Star Wars II: The Original Trilogy	8.1	Traveller's Tales	LucasArts
Madden NFL 13	8.1	EA Tiburon	EA Sports
Mass Effect 2: Overlord	8.1	BioWare	EA Games
Midnight Club: Los Angeles	8.1	Rockstar San Diego	Rockstar Games
Monaco: What's Yours Is Mine	8.1	Pocketwatch Games	Pocketwatch Games
NBA 2K6	8.1	Visual Concepts	2K Sports
NBA 2K8	8.1	Visual Concepts	2K Sports
NCAA Football 08	8.1	EA Sports	EA Sports
NHL 14	8.1	Electronic Arts	Electronic Arts
Ninja Gaiden II	8.1	Team Ninja	Tecmo
Perfect Dark Zero	8.1	Rare Ltd.	Microsoft Game Studios
Poker Smash (2008)	8.1	Void Star Creations	Void Star Creations
Prince of Persia	8.1	Ubisoft Montreal	Ubisoft
Puzzle Quest 2	8.1	Infinite Interactive	D3Publisher
RAGE	8.1	id Software	Bethesda Softworks
Renegade Ops	8.1	Avalanche Studios	Sega
Rockstar Games presents Table Tennis	8.1	Rockstar San Diego	Rockstar Games
Saints Row 2	8.1	Volition Inc.	THQ
Saints Row (2006)	8.1	Volition Inc.	THQ
Saints Row IV	8.1	Volition Inc.	Deep Silver
Sensible World of Soccer	8.1	Codemasters	Codemasters
Skulls of the Shogun	8.1	17-Bit	Microsoft Game Studios
Super Time Force	8.1	Capy Games	Capy Games
Terraria	8.1	Engine Software	505 Games
The Dishwasher: Vampire Smile	8.1	Ska Studios	Microsoft Game Studios
Torchlight	8.1	Runic Games	Microsoft Game Studios
Toy Soldiers	8.1	Signal Studios	Microsoft Game Studios
Toy Soldiers: Cold War	8.1	Signal Studios	Microsoft Game Studios
Trials Evolution: The Riders of Doom	8.1	RedLynx	Microsoft Game Studios
Uno	8.1	Carbonated Games	Microsoft Game Studios
Virtua Fighter 5 Final Showdown	8.1	Sega AM2	Sega
WWE SmackDown vs. Raw 2007	8.1	Yuke's	THQ
Ace Combat 6: Fires of Liberation	8.0	Project Aces 	Namco Bandai Games
Alan Wake: The Writer	8.0	Remedy Entertainment	Microsoft Game Studios
Assassin's Creed: Revelations	8.0	Ubisoft Montreal	Ubisoft
Bully: Scholarship Edition	8.0	Rockstar Vancouver	Rockstar Games
Cloning Clyde	8.0	NinjaBee	NinjaBee
Condemned 2: Bloodshot	8.0	Monolith Productions	Sega
Dark Souls II: Crown of the Sunken King	8.0	Namco Bandai Games	Bandai Namco Games
Darwinia+	8.0	Introversion	Introversion
Double Fine Happy Action Theater	8.0	Double Fine Productions	Microsoft Game Studios
Dragon Age: Origins - Awakening	8.0	BioWare	Electronic Arts
Driver: San Francisco	8.0	Ubisoft Reflections	Ubisoft
Duke Nukem 3D	8.0	3D Realms	3D Realms
Fable III	8.0	Lionhead Studios	Microsoft Game Studios
Far Cry 3: Blood Dragon	8.0	Ubisoft Montreal	Ubisoft
FlatOut: Ultimate Carnage	8.0	Bugbear	Warner Bros. Interactive Entertainment
From Dust	8.0	Ubisoft Montpellier	Ubisoft
Grand Theft Auto Online	8.0	Rockstar North	Rockstar Games
Hitman: Sniper Challenge	8.0	Io Interactive	Square Enix
IL-2 Sturmovik: Birds of Prey	8.0	Gaijin Entertainment	505 Games
Kingdoms of Amalur: Reckoning	8.0	Big Huge Games	Electronic Arts
Lazy Raiders	8.0	Sarbakan Inc.	Sarbakan Inc.
LEGO Marvel Super Heroes	8.0	TT Games	Warner Bros. Interactive Entertainment
LEGO Star Wars: The Complete Saga	8.0	Traveller's Tales	LucasArts
LEGO The Lord of the Rings	8.0	TT Games	Warner Bros. Interactive Entertainment
Madden NFL 07	8.0	EA Tiburon	EA Sports
Madden NFL 25	8.0	EA Sports	Electronic Arts
Magic: The Gathering - Duels of the Planeswalkers 2013	8.0	Stainless Games	Microsoft Game Studios
Metro: Last Light	8.0	4A Games	Deep Silver
MotoGP '06	8.0	Climax Studios	THQ
Naruto: The Broken Bond	8.0	Ubisoft Montreal	Ubisoft
NBA Live 10	8.0	EA Canada	EA Sports
NBA Street Homecourt	8.0	EA Canada	EA Sports Big
Peter Jackson's King Kong: The Official Game of the Movie	8.0	Ubisoft Montpellier	Ubisoft
Pro Evolution Soccer 2014	8.0	Konami	Konami
Rocket Riot	8.0	Codeglue	THQ
Skate 3	8.0	EA Black Box	Electronic Arts
Skylanders Giants	8.0	Toys for Bob	Activision
Sleeping Dogs	8.0	United Front Games	Square Enix
Snoopy Flying Ace	8.0	Smart Bomb Interactive	Microsoft Game Studios
Space Invaders Extreme	8.0	Taito Corporation	Square Enix
Space Invaders Infinity Gene	8.0	Taito Corporation	Square Enix
Tekken 6	8.0	Namco Bandai Games	Namco Bandai Games
The Darkness II	8.0	Digital Extremes	2K Games
The Walking Dead: 400 Days	8.0	Telltale Games	Telltale Games
The Walking Dead: Season Two Episode 1 - All That Remains	8.0	Telltale Games	Telltale Games
The Walking Dead: Season Two Episode 2 - A House Divided	8.0	Telltale Games	Telltale Games
Tiger Woods PGA Tour 07	8.0	EA Redwood Shores	EA Sports
Tiger Woods PGA Tour 08	8.0	EA Salt Lake	EA Sports
Tiger Woods PGA Tour 10	8.0	EA Tiburon	Electronic Arts
Tiger Woods PGA Tour 12: The Masters	8.0	Electronic Arts	Electronic Arts
Tomb Raider: Legend	8.0	Crystal Dynamics	Eidos Interactive
UEFA EURO 2008	8.0	EA Canada	Electronic Arts
Virtua Tennis 3	8.0	Sega AM3	Sega
WWE SmackDown vs. Raw 2010	8.0	Yuke's	THQ
Zero D Beat Drop	8.0	Cyclone Zero	Arc System Works
Alien Hominid	7.9	The Behemoth	O3 Entertainment
Anomaly: Warzone Earth	7.9	11 bit studios	11 bit studios
Assault Heroes	7.9	Wanako Studios	Sierra Online
Battlefield 4	7.9	EA DICE	Electronic Arts
BlazBlue: Continuum Shift Extend	7.9	Arc System Works	Aksys Games
Blue Dragon	7.9	Mistwalker	Microsoft Game Studios
Call of Duty: Black Ops - Escalation	7.9	Treyarch	Activision
Carcassonne	7.9	Sierra Online	Sierra Online
CastleStorm	7.9	Zen Studios	Microsoft Game Studios
Chime	7.9	Zoe Mode	Valcon Games
Counter-Strike: Global Offensive	7.9	Hidden Path Entertainment	Valve Software
Dead Rising 2	7.9	Blue Castle Games	Capcom
Dead Rising 2: Case Zero	7.9	Blue Castle Games	Capcom
DeathSpank	7.9	Hothead Games	Electronic Arts
Dishonored: The Knife of Dunwall	7.9	Arkane Studios	Bethesda Softworks
Dragon Age II	7.9	BioWare	Electronic Arts
EA Sports MMA	7.9	EA Tiburon	EA Sports
F1 2013	7.9	Codemasters	Codemasters
Final Fantasy XIII-2	7.9	Square Enix	Square Enix
Gears of War 2: All Fronts Collection	7.9	Epic Games	Microsoft Game Studios
Gears of War: Judgment	7.9	Epic Games	Microsoft Game Studios
Ghostbusters: The Video Game	7.9	Terminal Reality	Atari SA
Greed Corp	7.9	W!Games	W!Games
Gunstar Heroes	7.9	M2	Sega
Hasbro Family Game Night: Scrabble	7.9	Electronic Arts	Electronic Arts
Hexic HD	7.9	Carbonated Games	Microsoft Game Studios
Hitman: Absolution	7.9	Io Interactive	Square Enix
Just Dance 2014 (French)	7.9	Ubisoft	Ubisoft
Kameo: Elements of Power	7.9	Rare Ltd.	Microsoft Game Studios
Kingdoms of Amalur: Reckoning - Teeth of Naros	7.9	Big Huge Games	Electronic Arts
LEGO Batman 2: DC Super Heroes	7.9	TT Games	Warner Bros. Interactive Entertainment
LEGO Harry Potter: Years 1-4	7.9	Traveller's Tales	Warner Bros. Interactive Entertainment
Major League Baseball 2K7	7.9	Kush Games	2K Sports
Marble Blast Ultra	7.9	GarageGames	GarageGames
Mega Man 10	7.9	Inti Creates	Capcom
Mirror's Edge	7.9	EA DICE	EA Games
Monday Night Combat	7.9	Uber Entertainment	Microsoft Game Studios
NCAA Football 07	7.9	EA Sports	EA Sports
NHL 07	7.9	EA Sports	EA Sports
Orcs Must Die!	7.9	Robot Entertainment	Robot Entertainment
OutRun: Online Arcade	7.9	Sumo Digital	Sega
Perfect Dark (2000)	7.9	4J Studios	Microsoft Game Studios
Pinball FX 2: Ms. 'Splosion Man	7.9	Zen Studios	Zen Studios
Pool Nation	7.9	Cherry Pop Games	Mastertronic
Prey (2006)	7.9	Venom Games	2K Games
Pro Evolution Soccer 2011	7.9	Konami	Konami
Quarrel	7.9	Denki	UTV Ignition Games
Resident Evil 5: Lost in Nightmares	7.9	Capcom	Capcom
Sesame Street: Once Upon a Monster	7.9	Double Fine Productions	Warner Bros. Interactive Entertainment
Singularity (Indie Game)	7.9	Philip C	Philip C
Sonic the Hedgehog 3	7.9	Backbone Entertainment	Sega
Sonic's Ultimate Genesis Collection	7.9	Backbone Entertainment	Sega
SoulCalibur	7.9	Namco	Namco
Tales of Vesperia	7.9	Bandai Namco Games	Namco Bandai Games
The Bigs	7.9	Blue Castle Games	2K Sports
The King of Fighters XIII	7.9	SNK Playmore	Atlus
The Lord of the Rings: The Battle for Middle-Earth II	7.9	EA LA	EA Games
The Walking Dead: Episode 1 - A New Day	7.9	Telltale Games	Telltale Games
Tiger Woods PGA Tour 11	7.9	EA Sports	Electronic Arts
Tom Clancy's Ghost Recon: Future Soldier	7.9	Ubisoft Paris	Ubisoft
Transformers: Fall of Cybertron	7.9	High Moon Studios	Activision
Ultimate Marvel vs. Capcom 3	7.9	Capcom	Capcom
Winning Eleven: Pro Evolution Soccer 2007	7.9	KCET	Konami
WWE SmackDown vs. Raw 2009	7.9	Yuke's	THQ
A Kingdom for Keflings	7.8	NinjaBee	NinjaBee
Ace Combat: Assault Horizon	7.8	Project Aces 	Namco Bandai Games
AstroPop	7.8	PopCap	Oberon Media
Bangai-O HD: Missile Fury	7.8	Treasure	D3Publisher
Bejeweled 3	7.8	PopCap	PopCap
Bust-A-Move Live!	7.8	Taito Corporation	Taito Corporation
Call of Duty: Black Ops - Annihilation	7.8	Treyarch	Activision
Call of Duty: Black Ops - First Strike	7.8	Treyarch	Activision
Call of Duty: Modern Warfare 2 - Resurgence Pack	7.8	Infinity Ward	Activision
Call of Duty: Modern Warfare 3 - Collection 2	7.8	Infinity Ward	Activision
Charlie Murder	7.8	Ska Studios	Microsoft Game Studios
Dead Space 3	7.8	Visceral Games	Electronic Arts
DeathSpank: Thongs of Virtue	7.8	Hothead Games	EA Partners
Every Extend Extra Extreme	7.8	Cyclone Zero	Q Entertainment
Far Cry Instincts Predator	7.8	Ubisoft Montreal	Ubisoft
GRID 2	7.8	Codemasters	Codemasters
Hasbro Family Game Night: Yahtzee	7.8	Electronic Arts	Electronic Arts
Kinect Nat Geo TV	7.8	Relentless Software	Microsoft Game Studios
Kinectimals: Now with Bears!	7.8	Frontier Developments	Microsoft Game Studios
Lost Odyssey	7.8	Mistwalker	Microsoft Game Studios
Lost Planet: Extreme Condition Colonies Edition	7.8	Capcom	Capcom
Madden NFL 12	7.8	EA Tiburon	EA Sports
Marvel vs. Capcom Origins	7.8	Iron Galaxy Studios	Capcom
Metal Slug 3	7.8	SNK Playmore	SNK Playmore
MotoGP 07	7.8	Climax Studios	THQ
Naruto: Rise of a Ninja	7.8	Ubisoft Montreal	Ubisoft
NFL Blitz (2012)	7.8	EA Tiburon	Electronic Arts
NHL 2K7	7.8	Kush Games	2K Sports
Pro Evolution Soccer 2010	7.8	Konami	Konami
Pro Evolution Soccer 2012	7.8	Konami	Konami
Prototype (2009)	7.8	Radical Entertainment	Activision
R.U.S.E.	7.8	Eugen Systems	Ubisoft
Rock Band Blitz	7.8	Harmonix Music Systems	Harmonix Music Systems
Roogoo	7.8	SpiderMonk	SouthPeak Games
Skullgirls	7.8	Reverge Labs	Autumn Games
Skylanders: Spyro's Adventure	7.8	Toys for Bob	Activision
Space Channel 5 Part 2	7.8	UGA	Sega
State of Decay	7.8	Undead Labs	Microsoft Game Studios
Super Street Fighter IV: Arcade Edition	7.8	Capcom	Capcom
Switchball	7.8	Atomic Elbow AB	Sierra Online
Top Spin 3	7.8	Pam Development	2K Sports
WWE '13	7.8	Yuke's	THQ
A World of Keflings	7.7	NinjaBee	NinjaBee
Awesomenauts	7.7	Ronimo Games	DTP Entertainment
Banjo-Kazooie	7.7	Rare Ltd.	Nintendo
Battlefield 2: Modern Combat	7.7	Digital Illusions	EA Games
Birds of Steel	7.7	Gaijin Entertainment	Konami
Call of Juarez: Bound in Blood	7.7	Techland	Ubisoft
Command & Conquer: Red Alert 3	7.7	EA LA	Electronic Arts
Daytona USA (2011)	7.7	Sega AM2	Sega
de Blob 2	7.7	Blue Tongue Entertainment	THQ
Devil May Cry HD Collection	7.7	Pipeworks Software, Inc.	Capcom
DoDonPachi Resurrection	7.7	Cave	Cave
DOOM II	7.7	id Software	Bethesda Softworks
Dragon's Dogma: Dark Arisen	7.7	QLOC	Capcom
Dungeon Defenders	7.7	Trendy Entertainment	Trendy Entertainment
Dungeons & Dragons: Chronicles of Mystara	7.7	Iron Galaxy Studios	Capcom
Eets	7.7	Klei Entertainment	Klei Entertainment
F.E.A.R. 2: Project Origin	7.7	Monolith Productions	Warner Bros. Interactive Entertainment
Fable III: Traitor's Keep Quest Pack	7.7	Lionhead Studios	Microsoft Game Studios
FIFA Street (2012)	7.7	EA Sports	EA Sports
Final Fight: Double Impact	7.7	Proper Games Ltd	Capcom
Full House Poker	7.7	Microsoft Game Studios	Microsoft Game Studios
Garou: Mark of the Wolves	7.7	SNK Playmore	SNK Playmore
Gears of War 3: RAAM's Shadow	7.7	Epic Games	Microsoft Game Studios
Heavy Weapon: Atomic Tank	7.7	PopCap	Microsoft Game Studios
Just Dance 4	7.7	Ubisoft	Ubisoft
LEGO Harry Potter: Years 5-7	7.7	Traveller's Tales	Warner Bros. Interactive Entertainment
Lego Indiana Jones: The Original Adventures	7.7	Traveller's Tales	LucasArts
Lumines Live!	7.7	Q Entertainment	Q Entertainment
Metro 2033	7.7	4A Games	THQ
Mutant Storm Empire	7.7	PomPom Games	PomPom Games
Mutant Storm Reloaded	7.7	PomPom Games	PomPom Games
NBA Live 09	7.7	EA Canada	EA Sports
NCAA Football 14	7.7	EA Tiburon	EA Sports
Need for Speed: Carbon	7.7	EA Canada	EA Games
Operation Flashpoint: Dragon Rising	7.7	Codemasters	Codemasters
Outpost Kaloki X	7.7	NinjaBee	NinjaBee
Pinball FX 2: MARS	7.7	Zen Studios	Microsoft Game Studios
Red Dead Redemption: Liars and Cheats	7.7	Rockstar San Diego	Rockstar Games
RISK: Factions	7.7	Stainless Games	Electronic Arts
Rocksmith	7.7	Ubisoft	Ubisoft
Sanctum 2	7.7	Coffee Stain Studios	Coffee Stain Studios
Sega Rally Revo	7.7	SEGA Racing Studio	Sega
Shank 2	7.7	Klei Entertainment	Electronic Arts
SkyDrift	7.7	Digital Reality	Digital Reality
Sonic Generations	7.7	Sonic Team	Sega
Sonic the Hedgehog	7.7	Backbone Entertainment	Sega
SoulCalibur V	7.7	Project Soul	Namco Bandai Games
Stranglehold	7.7	Midway	Midway
The Adventures of Shuggy	7.7	Smudged Cat Games	Valcon Games
The Godfather	7.7	Page 44 Studios	Electronic Arts
The Gunstringer	7.7	Twisted Pixel Games	Twisted Pixel Games
The Wolf Among Us: Episode 3 - A Crooked Mile	7.7	Telltale Games	Telltale Games
Tiger Woods PGA Tour 13	7.7	Electronic Arts	Electronic Arts
Tiger Woods PGA Tour 14	7.7	EA Tiburon	EA Sports
Tomb Raider: Anniversary	7.7	Crystal Dynamics	Eidos Interactive
Tropico 4	7.7	Haemimont Games	Kalypso
Uno Rush	7.7	Carbonated Games	Microsoft Game Studios
Wik & the Fable of Souls	7.7	Reflexive Entertainment	Reflexive Entertainment
World of Tanks	7.7	Wargaming.net	Wargaming.net
Your Shape Fitness Evolved 2012	7.7	Ubisoft	Ubisoft
Zuma Deluxe	7.7	Oberon Media	Oberon Media
Zumba Fitness Core	7.7	Zoe Mode	Majesco
Age of Booty	7.6	Certain Affinity	Capcom
Alan Wake's American Nightmare	7.6	Remedy Entertainment	Microsoft Game Studios
Band Hero	7.6	Neversoft Entertainment	Activision
Battlestations: Pacific	7.6	Eidos Interactive	Eidos Interactive
Brothers in Arms: Hell's Highway	7.6	Gearbox Software	Ubisoft
Call of Duty: Black Ops II - Uprising	7.6	Treyarch	Activision
Call of Juarez: Gunslinger	7.6	Techland	Ubisoft
Chessmaster LIVE	7.6	Ubisoft Bulgaria	Ubisoft
Crysis 3	7.6	Crytek	EA Games
Dead or Alive 5	7.6	Team Ninja	Tecmo Koei Games
Deathsmiles	7.6	Cave	Aksys Games
Deus Ex: Human Revolution - The Missing Link	7.6	Eidos Montreal	Square Enix
Dragon Age II: Mark of the Assassin	7.6	BioWare	Electronic Arts
Fallout 3: The Pitt	7.6	Bethesda Game Studios	Bethesda Softworks
Forza Horizon: Rally Expansion Pack	7.6	Playground Games	Microsoft Game Studios
Guwange	7.6	Cave	Cave
Half-Minute Hero: Super Mega Neo Climax	7.6	Opus	Microsoft Game Studios
Insanely Twisted Shadow Planet	7.6	Shadow Planet Productions	Fuelcell Games
Kinect Sesame Street TV	7.6	Microsoft Studios - Soho Productions	Microsoft Game Studios
Left 4 Dead: Crash Course	7.6	Valve Software	Valve Software
LEGO Batman: The Videogame	7.6	Traveller's Tales	Warner Bros. Interactive Entertainment
Lode Runner	7.6	Southend Interactive	Tozai Games
Major League Baseball 2K10	7.6	Visual Concepts	2K Sports
NCAA Football 13	7.6	EA Tiburon	EA Sports
Need for Speed: Rivals	7.6	Ghost Games	Electronic Arts
Overlord	7.6	Triumph Studios	Codemasters
Penny Arcade Adventures: Episode One	7.6	Hothead Games	Hothead Games
Pro Evolution Soccer 2008	7.6	Konami	Konami
Puzzle Quest: Galactrix	7.6	Infinite Interactive	D3Publisher
Quantum Conundrum	7.6	Airtight Games	Square Enix
R-Type Dimensions	7.6	Southend Interactive	Tozai Games
Resident Evil 5: Desperate Escape	7.6	Capcom	Capcom
RoboBlitz	7.6	Naked Sky Entertainment	Microsoft Game Studios
Scene It? Box Office Smash	7.6	Screenlife Games	Microsoft Game Studios
Section 8: Prejudice	7.6	TimeGate Studios	TimeGate Studios
Shadows of the Damned	7.6	Grasshopper Manufacture	Electronic Arts
Singularity	7.6	Raven Software	Activision
SoulCalibur II HD Online	7.6	Project Soul	Namco Bandai Games
Spec Ops: The Line	7.6	Yager	2K Games
Spider-Man: Shattered Dimensions	7.6	Beenox	Activision
Street Fighter II' Hyper Fighting	7.6	Sensory Sweep	Capcom
Streets of Rage 2	7.6	M2	Sega
Strider	7.6	Double Helix Games	Capcom
The Bigs 2	7.6	Blue Castle Games	2K Sports
The Bridge (2013)	7.6	Ty Taylor and Mario Castaneda	The Quantum Astrophysicists Guild
The Club	7.6	Bizarre Creations	Sega
The Sims 3	7.6	The Sims Studio	Electronic Arts
Tomb Raider: Underworld	7.6	Crystal Dynamics	Eidos Interactive
Disney/Pixar Toy Story 3	7.6	Avalanche Software	Disney Interactive Studios
Transformers: War for Cybertron	7.6	High Moon Studios	Activision
Undertow	7.6	Chair Entertainment	Chair Entertainment
Warhammer 40,000: Space Marine	7.6	Relic Entertainment	THQ
Zuma's Revenge!	7.6	PopCap	PopCap
Akai Katana	7.5	Cave	Rising Star Games
Alan Wake: The Signal	7.5	Remedy Entertainment	Microsoft Game Studios
All-Pro Football 2K8	7.5	Visual Concepts	2K Sports
Assassin's Creed: Brotherhood - The Da Vinci Disappearance	7.5	Ubisoft Montreal	Ubisoft
Assault Heroes 2	7.5	Wanako Studios	Sierra Online
Blood of the Werewolf	7.5	Scientifically Proven	Midnight City
Call of Duty: Black Ops II - Revolution	7.5	Treyarch	Activision
Command & Conquer 3: Kane's Wrath	7.5	EA LA	EA Games
Culdcept SAGA	7.5	Omiya Soft	Namco Bandai Games
Dead or Alive 5 Ultimate	7.5	Team Ninja	Tecmo Koei Games
DiRT Showdown	7.5	Codemasters	Codemasters
Dragon's Dogma	7.5	Capcom	Capcom
El Shaddai: Ascension of the Metatron	7.5	Ignition Entertainment	Ignition Entertainment
Exit (2008)	7.5	Taito Corporation	Ubisoft
F.E.A.R. 3	7.5	Day 1 Studios	Warner Bros. Interactive Entertainment
Frontlines: Fuel of War	7.5	Kaos Studios	THQ
Gears of War 3: Fenix Rising Map Pack	7.5	Epic Games	Microsoft Game Studios
Green Day: Rock Band	7.5	Harmonix Music Systems	MTV Games
GRID Autosport	7.5	Codemasters	Codemasters
Gun	7.5	Neversoft Entertainment	Activision
Gyromancer	7.5	PopCap	Square Enix
Hard Corps: Uprising	7.5	Arc System Works	Konami
Hydro Thunder Hurricane	7.5	Vector Unit	Microsoft Game Studios
DreamWorks Kung Fu Panda	7.5	Luxoflux, Inc.	Activision
LEGO Star Wars III: The Clone Wars	7.5	Traveller's Tales	LucasArts
MX vs. ATV Reflex	7.5	Rainbow Studios	THQ
NBA Jam (2010)	7.5	EA Canada	EA Sports
NCAA Basketball 10	7.5	EA Canada	EA Sports
NHL 2K6	7.5	2K Sports	2K Sports
Overlord II	7.5	Triumph Studios	Codemasters
Panzer General: Allied Assault	7.5	Petroglyph	Ubisoft
Payday 2	7.5	Overkill Software	505 Games
Penny Arcade Adventures: Episode Two	7.5	Hothead Games	Hothead Games
Quake 4	7.5	Raven Software	Activision
Raskulls	7.5	Halfbrick Studios	Halfbrick Studios
Resident Evil: Revelations	7.5	Capcom	Capcom
Sam & Max: Beyond Time and Space	7.5	Telltale Games	Microsoft Game Studios
Smash T.V.	7.5	Digital Eclipse	Midway
Sonic & Sega All-Stars Racing	7.5	Sumo Digital	Sega
Stuntman: Ignition	7.5	Paradigm Entertainment	THQ
Supreme Commander 2	7.5	Gas Powered Games	Square Enix
The Dishwasher: Dead Samurai	7.5	Ska Studios	Microsoft Game Studios
The Maw	7.5	Twisted Pixel Games	Twisted Pixel Games
Tony Hawk's American Wasteland	7.5	Neversoft Entertainment	Activision
Top Spin 2	7.5	Pam Development	2K Sports
Tropico 3	7.5	Haemimont Games	Kalypso
Worms: Open Warfare	7.5	Team17	Team17
WWE 2K14	7.5	Yuke's	2K Games
WWE All Stars	7.5	THQ	THQ
WWE SmackDown vs. Raw 2011	7.5	Yuke's	THQ
X-MEN ORIGINS: WOLVERINE	7.5	Raven Software	Activision
Zone of the Enders HD Collection	7.5	High Voltage Software	Konami
2014 FIFA World Cup Brazil	7.4	EA Canada	EA Sports
Batman: Arkham Origins	7.4	WB Games Montreal	Warner Bros. Interactive Entertainment
Binary Domain	7.4	Ryu ga Gotoku Studios	Sega
Borderlands: The Pre-Sequel	7.4	2K Australia	2K Games
Capsized	7.4	Koolhaus Games	Namco Bandai Games
Child of Light	7.4	Ubisoft Montreal	Ubisoft
Comic Jumper: The Adventures of Captain Smiley	7.4	Twisted Pixel Games	Twisted Pixel Games
Costume Quest	7.4	Double Fine Productions	THQ
Dance Dance Revolution Universe	7.4	Konami	Konami
Dead Rising 2: Case West	7.4	Blue Castle Games	Capcom
Def Jam Rapstar	7.4	4mm Games	Konami
Disney Infinity	7.4	Avalanche Software	Disney Interactive Studios
Doritos Crash Course	7.4	Wanako Studios	Microsoft Game Studios
Droplitz	7.4	Blitz Arcade	Atlus
Galaga Legions	7.4	Namco Bandai Games	Namco Bandai Games
Galaga Legions DX	7.4	Namco Bandai Games	Namco Bandai Games
Gatling Gears	7.4	Vanguard Games	Electronic Arts
Guilty Gear XX Accent Core Plus	7.4	Arc System Works	Aksys Games
Hasbro Family Game Night: Connect Four	7.4	Electronic Arts	Electronic Arts
Hasbro Family Game Night: Sorry! Sliders	7.4	Electronic Arts	Electronic Arts
Ion Assault	7.4	Black Inc.	Microsoft Game Studios
Kinectimals	7.4	Frontier Developments	Microsoft Game Studios
Left 4 Dead 2: The Passing	7.4	Valve Software	Electronic Arts
Madden NFL 06	7.4	EA Tiburon	EA Sports
Mafia II	7.4	2K Czech	2K Games
Magrunner: Dark Pulse	7.4	Frogwares	Focus Home Interactive
Majin and the Forsaken Kingdom	7.4	Game Republic	Namco Bandai Games
Mass Effect 3: Leviathan	7.4	BioWare	Electronic Arts
Medal of Honor	7.4	Danger Close	Electronic Arts
Mercury Hg	7.4	UTV Ignition Games	UTV Ignition Games
Naruto Shippuden: Ultimate Ninja Storm 2	7.4	CyberConnect2	Namco Bandai Games
Naruto Shippuden: Ultimate Ninja Storm Generations	7.4	CyberConnect2	Namco Bandai Games
NCAA Basketball 09: March Madness Edition	7.4	EA Canada	Electronic Arts
Pinball FX 2: Zen Classics	7.4	Zen Studios	Microsoft Game Studios
Prince of Persia: The Forgotten Sands	7.4	Ubisoft Montreal	Ubisoft
Pro Evolution Soccer 2009	7.4	KCET	Konami
Prototype 2	7.4	Radical Entertainment	Activision
Resonance of Fate	7.4	Tri-Ace	Sega
Ridge Racer 6	7.4	Namco	Namco
Sam & Max: Save the World	7.4	Telltale Games	The Adventure Company
SBK X: Superbike World Championship	7.4	Milestone S.r.l	SouthPeak Games
State of Decay: Lifeline	7.4	Undead Labs	Microsoft Game Studios
Syndicate (2012)	7.4	Starbreeze	Electronic Arts
The Wolf Among Us: Episode 4 - In Sheep's Clothing	7.4	Telltale Games	Telltale Games
World Series of Poker 2008: Battle for the Bracelets	7.4	Left Field Productions	Activision
Zeno Clash: Ultimate Edition	7.4	ACE Team	Atlus
AirMech Arena	7.3	Carbon Games	Ubisoft
Anarchy Reigns	7.3	PlatinumGames	Sega
Army of Two: The 40th Day	7.3	EA Montreal	Electronic Arts
Assassin's Creed III - The Infamy	7.3	Ubisoft Quebec	Ubisoft
Assassin's Creed IV: Black Flag - Freedom Cry	7.3	Ubisoft Montreal	Ubisoft
Bandfuse: Rock Legends	7.3	Realta Entertainment Group	Mastiff
Banjo-Tooie	7.3	4J Studios	Microsoft Game Studios
Battlestations: Midway	7.3	Eidos Interactive	Eidos Interactive
Beautiful Katamari	7.3	Now Production	Namco Bandai Games
Call of Duty: Ghosts	7.3	Infinity Ward	Activision
Castlevania: Lords of Shadow - Mirror of Fate	7.3	Mercury Steam	Konami
Cyber Troopers Virtual On: Oratorio Tangram	7.3	Sega AM3	Sega
Dante's Inferno	7.3	Visceral Games	Electronic Arts
Dishonored: Dunwall City Trials	7.3	Arkane Studios	Bethesda Softworks
Earthworm Jim HD	7.3	Gameloft	Gameloft
FIFA 07 Soccer	7.3	EA Sports	EA Sports
Hybrid (2012)	7.3	5TH Cell	Microsoft Game Studios
Jetpac Refuelled	7.3	Rare Ltd.	Microsoft Game Studios
Just Cause	7.3	Avalanche Studios	Eidos Interactive
Kinect: Disneyland Adventures	7.3	Frontier Developments	Microsoft Game Studios
Kinect Sports	7.3	Rare Ltd.	Microsoft Game Studios
Left 4 Dead 2: Cold Stream	7.3	Valve Software	Electronic Arts
LEGO Pirates of the Caribbean: The Video Game	7.3	Traveller's Tales	Disney Interactive Studios
Marvel: Ultimate Alliance 2	7.3	Vicarious Visions	Activision
Medal of Honor: Airborne	7.3	Electronic Arts	Electronic Arts
Mini Ninjas	7.3	Io Interactive	Eidos Interactive
Motocross Madness (2013)	7.3	Bongfish	Microsoft Game Studios
NBA Baller Beats	7.3	HB Studios Multimedia	Majesco
NBA Live 08	7.3	EA Canada	EA Sports
Raiden Fighters Aces	7.3	Gulti	Valcon Games
Rugby Challenge	7.3	Sidhe Interactive	Mad Catz
Saints Row: The Third - Gangstas in Space	7.3	Volition Inc.	THQ
Scene It? Lights, Camera, Action	7.3	Screenlife Games	Microsoft Game Studios
Scott Pilgrim vs. the World: The Game	7.3	Ubisoft Montreal	Ubisoft
Small Arms	7.3	Gastronaut Studios	Gastronaut Studios
Star Wars: The Force Unleashed	7.3	LucasArts	LucasArts
The Elder Scrolls V: Skyrim - Dawnguard	7.3	Bethesda Game Studios	Bethesda Softworks
The King of Fighters '98 Ultimate Match	7.3	SNK Playmore	Ignition Entertainment
The Saboteur	7.3	Pandemic Studios	Electronic Arts
The Wolf Among Us: Episode 2 - Smoke and Mirrors	7.3	Telltale Games	Telltale Games
Thrillville: Off the Rails	7.3	Frontier Developments	LucasArts
Tom Clancy's HAWX	7.3	Ubisoft Romania	Ubisoft
Wallace & Gromit's Grand Adventures, Episode 1: Fright of the Bumblebees	7.3	Telltale Games	Telltale Games
Wallace & Gromit's Grand Adventures, Episode 2: The Last Resort	7.3	Telltale Games	Telltale Games
Warp	7.3	Trapdoor	Electronic Arts
Your Shape: Fitness Evolved	7.3	Ubisoft Montreal	Ubisoft
Zumba Fitness Rush	7.3	Zoe Mode	Majesco
After Burner Climax	7.2	Sega AM2	Sega
Amped 3	7.2	2K Sports	2K Sports
Army of Two	7.2	EA Montreal	EA Games
Assassin's Creed Rogue	7.2	Ubisoft Sofia	Ubisoft
Axel & Pixel	7.2	Silver Wish Games	2K Play
Batman: Arkham City - Harley Quinn's Revenge	7.2	Rocksteady Studios	Warner Bros. Interactive Entertainment
Battlefield 3: Close Quarters	7.2	EA DICE	Electronic Arts
Blazing Angels 2: Secret Missions of WWII	7.2	Ubisoft Romania	Ubisoft
Borderlands 2: Sir Hammerlock's Big Game Hunt	7.2	Gearbox Software	2K Games
Borderlands: Claptrap's New Robot Revolution	7.2	Gearbox Software	2K Games
Call of Duty	7.2	Infinity Ward	Activision
Disney/Pixar Cars 2	7.2	Avalanche Software	Disney Interactive Studios
Command & Conquer: Red Alert 3 - Commander's Challenge	7.2	EA LA	Electronic Arts
Commanders: Attack	7.2	Southend Interactive	Sierra Online
Crimson Alliance	7.2	Certain Affinity	Certain Affinity
Dark Sector	7.2	Digital Extremes	D3Publisher
Dead Rising 2: Off the Record	7.2	Capcom Vancouver	Capcom
Divinity II: The Dragon Knight Saga	7.2	Larian Studios Games	Atlus
Dragon Ball Z: Burst Limit	7.2	Dimps Corporation	Atari SA
Dungeon Siege III	7.2	Obsidian Entertainment	Square Enix
FIFA World Cup: Germany 2006	7.2	EA Canada	Electronic Arts
Game of Thrones: Episode One - Iron From Ice	7.2	Telltale Games	Telltale Games
Gel: Set & Match	7.2	Gastronaut Studios	Gastronaut Studios
GoldenEye 007: Reloaded	7.2	Eurocom	Activision
GripShift	7.2	Sidhe Interactive	Sony Platform Publishing
Guitar Hero: Warriors of Rock	7.2	Neversoft Entertainment	Activision
Hasbro Family Game Night: Battleship	7.2	Electronic Arts	Electronic Arts
Hexic 2	7.2	Carbonated Games	Microsoft Game Studios
Mercenaries 2: World in Flames	7.2	Pandemic Studios	EA Games
MLB Bobblehead Pros	7.2	Konami	Konami
Mortal Kombat vs. DC Universe	7.2	Midway	Midway
MotoGP 10/11	7.2	Monumental Games	Capcom
MotoGP 13	7.2	Milestone S.r.l	Milestone S.r.l
NASCAR The Game: Inside Line	7.2	Eutechnyx	Activision
Need for Speed: ProStreet	7.2	EA Black Box	EA Games
NiGHTS into Dreams... (2012)	7.2	Sonic Team	Sega
Omega Five	7.2	Natsume	Hudson Entertainment
Phantom Breaker: Battle Grounds	7.2	Division2	5pb
Pid	7.2	Might and Delight	D3Publisher
Race Pro	7.2	SimBin	Atari SA
Rock of Ages	7.2	ACE Team	Atlus
Rocket Knight	7.2	Climax Studios	Konami
Samurai Shodown II	7.2	SNK Playmore	SNK Playmore
Sega Vintage Collection: Monster World	7.2	M2	Sega
Serious Sam HD: The Second Encounter	7.2	Croteam	Devolver Digital
Sonic the Hedgehog 4: Episode 1	7.2	Dimps Corporation	Sega
South Park Let's Go Tower Defense Play!	7.2	Doublesix	Microsoft Game Studios
Star Ocean: The Last Hope	7.2	Tri-Ace	Square Enix
Stoked: Big Air Edition	7.2	Bongfish	Destineer
Tales From Space: Mutant Blobs Attack	7.2	DrinkBox Studios	DrinkBox Studios
The Hip Hop Dance Experience	7.2	iNiS	Ubisoft
The Splatters	7.2	SpikySnail Games Studio	Microsoft Game Studios
Tony Hawk's Proving Ground	7.2	Neversoft Entertainment	Activision
UEFA Champions League 2006-2007	7.2	EA Canada	EA Games
Wallace & Gromit's Grand Adventures, Episode 3: Muzzled!	7.2	Telltale Games	Telltale Games
Wallace & Gromit's Grand Adventures, Episode 4: The Bogey Man	7.2	Telltale Games	Telltale Games
Warlords (2011)	7.2	Griptonite Games	Atari SA
Wolfenstein	7.2	Raven Software	Activision
50 Cent: Blood on the Sand	7.1	Swordfish Studios	THQ
Aces of the Galaxy	7.1	Artech Studios	Sierra Online
Asura's Wrath	7.1	CyberConnect2	Capcom
Batman: Arkham Origins - Cold, Cold Heart	7.1	WB Games Montreal	Warner Bros. Interactive Entertainment
Battle Fantasia	7.1	Arc System Works	Aksys Games
Boulder Dash-XL	7.1	Catnip Games	Kalypso
Call of Juarez	7.1	Techland	Ubisoft
Chromehounds	7.1	From Software	Sega
Comix Zone	7.1	Backbone Entertainment	Sega
Dead Island	7.1	Techland	Deep Silver
DreamWorks Bee Movie Game	7.1	Beenox	Activision
Easy Golf: Course Architect	7.1	BarkersCrest Studios	BarkersCrest Studios
Fighting Vipers	7.1	Sega AM2	Sega
Fruit Ninja Kinect	7.1	Halfbrick Studios	Microsoft Game Studios
Gotham City Impostors	7.1	Monolith Productions	Warner Bros. Interactive Entertainment
Grand Slam Tennis 2	7.1	EA Sports	EA Sports
Guardians of Middle-Earth	7.1	Monolith Productions	Warner Bros. Interactive Entertainment
Guitar Hero: Smash Hits	7.1	Beenox	Activision
Hasbro Family Game Night: Sorry!	7.1	Electronic Arts	Electronic Arts
Lego Indiana Jones 2: The Adventure Continues	7.1	Traveller's Tales	LucasArts
Lego Rock Band	7.1	TT Fusion	Warner Bros. Interactive Entertainment
Mass Effect 2: Kasumi - Stolen Memory	7.1	BioWare	Electronic Arts
Meteos Wars	7.1	Q Entertainment	Q Entertainment
NBA 2K10: Draft Combine	7.1	Visual Concepts	2K Games
NHL 2K8	7.1	Kush Games	Take-Two Interactive
Nike+ Kinect Training	7.1	Nike, Inc.	Microsoft Game Studios
Paperboy	7.1	Digital Eclipse	Midway
Record of Agarest War	7.1	Compile Heart	Aksys Games
Red Faction: Armageddon	7.1	Volition Inc.	THQ
Retro City Rampage	7.1	Vblank Entertainment Inc.	Vblank Entertainment Inc.
Ridge Racer Unbounded	7.1	Bugbear	Namco Bandai Games
Robert Ludlum's The Bourne Conspiracy	7.1	High Moon Studios	Sierra Entertainment
Sacred 2: Fallen Angel	7.1	Ascaron Entertainment	cdv Software
Shank	7.1	Klei Entertainment	Electronic Arts
Stacking: The Lost Hobo King	7.1	Double Fine Productions	THQ
State of Decay: Breakdown	7.1	Undead Labs	Microsoft Game Studios
The Simpsons Game	7.1	EA Redwood Shores	EA Games
The Walking Dead: Season Two Episode 4 - Amid the Ruins	7.1	Telltale Games	Telltale Games
Tiger Woods PGA Tour 06	7.1	EA Sports	EA Sports
Tropico 5	7.1	Haemimont Games	Kalypso
Under Defeat	7.1	G.Rev	Rising Star Games
Warriors Orochi 3	7.1	Omega Force	Tecmo Koei Games
World Pool Championship 2007	7.1	Blade Interactive	Sega Europe
WWE '12	7.1	Yuke's	THQ
WWE Legends of WrestleMania	7.1	Yuke's	THQ
WWE SmackDown vs. Raw 2008	7.1	Yuke's	THQ
Zeit Squared	7.1	Brightside Games	Ubisoft
Alice: Madness Returns	7.0	Spicy Horse	Electronic Arts
Apache: Air Assault	7.0	Gaijin Entertainment	Activision
Bionic Commando (2009)	7.0	GRIN	Capcom
Bomberman Live: Battlefest	7.0	Hudson Entertainment	Hudson Entertainment
Bubble Bobble Neo!	7.0	Taito Corporation	Square Enix
Call of Duty: Black Ops II - Apocalypse	7.0	Treyarch	Activision
Call of Duty: Black Ops - Rezurrection	7.0	Treyarch	Activision
Castlevania: Lords of Shadow 2	7.0	Mercury Steam	Konami
CellFactor: Psychokinetic Wars	7.0	Immersion Software & Graphics	Ubisoft
College Hoops 2K6	7.0	2K Sports	2K Sports
Crackdown 2	7.0	Ruffian Games	Microsoft Game Studios
Disney DuckTales: Remastered	7.0	WayForward	Capcom
Fallout: New Vegas - Dead Money	7.0	Obsidian Entertainment	Bethesda Softworks
Full Auto	7.0	Pseudo Interactive	Sega
Guitar Hero: Aerosmith	7.0	Neversoft Entertainment	Activision
Haunt (2012)	7.0	NanaOn-Sha	Microsoft Game Studios
Hell Yeah! Wrath of the Dead Rabbit	7.0	Arkedo Studio	Sega
Homefront	7.0	Kaos Studios	THQ
Jet Set Radio (2000)	7.0	Blit	Sega
Just Dance 3	7.0	Ubisoft	Ubisoft
L.A. Noire: Nicholson Electroplating Disaster	7.0	Team Bondi	Rockstar Games
LEGO The Hobbit	7.0	TT Games	Warner Bros. Interactive Entertainment
Lips: Number One Hits	7.0	iNiS	Microsoft Game Studios
Lollipop Chainsaw	7.0	Grasshopper Manufacture	Warner Bros. Interactive Entertainment
Luxor 2	7.0	MumboJumbo	MumboJumbo
Major League Baseball 2K8	7.0	Kush Games	2K Sports
MX vs. ATV Untamed	7.0	Rainbow Studios	THQ
Naruto Shippuden: Ultimate Ninja Storm 3	7.0	CyberConnect2	Namco Bandai Games
NCAA Basketball 09	7.0	EA Canada	Electronic Arts
Ninja Gaiden 3: Razor's Edge	7.0	Team Ninja	Nintendo
Polar Panic	7.0	Eiconic Games	Valcon Games
Remember Me	7.0	DONTNOD Entertainment	Capcom
Rock Band Track Pack Classic Rock	7.0	Harmonix Music Systems	MTV Games
Scene It? Movie Night	7.0	Sarbakan Inc.	Screenlife Games
SEGA Rally Online Arcade	7.0	Sumo Digital	Sega
Silent Hill: Homecoming	7.0	Double Helix Games	Konami
The Cave (2013)	7.0	Double Fine Productions	Sega
The Outfit	7.0	Relic Entertainment	THQ
The Sims 3: Pets (2011)	7.0	The Sims Studio	Electronic Arts
Ticket to Ride (2008)	7.0	Next Level Games	Microsoft Game Studios
TimeShift (2007)	7.0	Saber Interactive	Sierra Entertainment
UEFA Euro 2012	7.0	EA Canada	EA Sports
UFC Personal Trainer: The Ultimate Fitness System	7.0	Heavy Iron Studios	THQ
Ultimate Mortal Kombat 3	7.0	Digital Eclipse	Midway
Virtua Fighter 2	7.0	Sega	Sega
Virtua Tennis 2009	7.0	Sumo Digital	Sega
Virtua Tennis 4	7.0	Sega	Sega
X-Men: The Arcade Game	7.0	Konami	Konami
Alien Breed: Evolution	6.9	Team17	Team17
Ancients of Ooga	6.9	NinjaBee	NinjaBee
Bejeweled 2 Deluxe	6.9	PopCap	Oberon Media
Biology Battle	6.9	Novaleaf Game Studios	Novaleaf Game Studios
Blitz: The League	6.9	Midway	Midway
Boom Boom Rocket	6.9	Bizarre Creations	Electronic Arts
Call of Duty: Black Ops II - Vengeance	6.9	Treyarch	Activision
Conan (2007)	6.9	Nihilistic	THQ
Def Jam: Icon	6.9	EA Chicago	EA Games
Diner Dash	6.9	Climax Studios	Eidos Interactive
Earth Defense Force 2017	6.9	Sandlot	D3Publisher
Enchanted Arms	6.9	From Software	Ubisoft
Enemy Territory: Quake Wars	6.9	Splash Damage	Activision
Foul Play	6.9	Mediatonic	Mastertronic
Fusion: Genesis	6.9	Starfire Studios	Microsoft Game Studios
Giana Sisters: Twisted Dreams	6.9	Black Forest Games	bitComposer
Golf: Tee It Up!	6.9	Housemarque	Activision
Hitman HD Trilogy	6.9	Io Interactive	Square Enix
I Am Alive	6.9	Ubisoft Shanghai	Ubisoft
Lightning Returns: Final Fantasy XIII	6.9	Square Enix	Square Enix
Lips: Party Classics	6.9	iNiS	Microsoft Game Studios
Magna Carta 2	6.9	SoftMax	Namco Bandai Games
Major League Baseball 2K11	6.9	Visual Concepts	2K Sports
MotoGP 09/10	6.9	Monumental Games	Capcom
NASCAR 09	6.9	EA Games	EA Sports
NCAA March Madness 08	6.9	EA Canada	Electronic Arts
NHL 2K10	6.9	Take-Two Interactive	Take-Two Interactive
NHL 2K9	6.9	Visual Concepts	Take-Two Interactive
Operation Flashpoint: Red River	6.9	Codemasters	Codemasters
Pinball FX (2007)	6.9	Zen Studios	Microsoft Game Studios
Plants vs Zombies: Garden Warfare	6.9	PopCap	Electronic Arts
Poker Night 2	6.9	Telltale Games	Telltale Games
Quake Arena Arcade	6.9	id Software	Bethesda Softworks
Rayman 3: Hoodlum Havoc	6.9	Ubisoft Shanghai	Ubisoft
Section 8	6.9	TimeGate Studios	SouthPeak Games
Sega Vintage Collection: Alex Kidd & Co.	6.9	M2	Sega
Sega Vintage Collection: ToeJam & Earl	6.9	M2	Sega
Serious Sam HD: The First Encounter	6.9	Croteam	Devolver Digital
Silent Hill HD Collection	6.9	Hijinx Studios	Konami
Sonic & Knuckles	6.9	Sonic Team	Sega
Swarm (2011)	6.9	Hothead Games	Ignition Entertainment
The Amazing Spider-Man	6.9	Beenox	Activision
The LEGO Movie Videogame	6.9	TT Games	Warner Bros. Interactive Entertainment
Trouble Witches Neo!	6.9	Adventure Planning Service	SNK Playmore
Turok	6.9	Propaganda Games	Touchstone
Wet	6.9	Artificial Mind and Movement	Bethesda Softworks
World Gone Sour	6.9	Playbrains	Capcom
World Series of Poker: Tournament of Champions	6.9	Left Field Productions	Activision
1942: Joint Strike	6.8	Backbone Entertainment	Capcom
Alien Breed 3: Descent	6.8	Team17	Team17
Arcana Heart 3	6.8	Examu	Aksys Games
Armored Core V	6.8	From Software	Namco Bandai Games
Ascend: Hand of Kul	6.8	Signal Studios	Microsoft Game Studios
Band of Bugs	6.8	NinjaBee	NinjaBee
Bejeweled Blitz Live	6.8	Torpex Games LLC	PopCap
BioShock Infinite: Burial at Sea - Episode One	6.8	Irrational Games	2K Games
BioShock Infinite: Clash in the Clouds	6.8	Irrational Games	2K Games
Blitz: The League II	6.8	Midway	Midway
BloodRayne: Betrayal	6.8	WayForward	Majesco
Brink	6.8	Splash Damage	Bethesda Softworks
Call of Duty: Modern Warfare 2 - Stimulus Package	6.8	Infinity Ward	Activision
Capcom Arcade Cabinet	6.8	M2	Capcom
Cloudberry Kingdom	6.8	Pwnee Studios	Ubisoft
Deadlight	6.8	Tequila Works	Microsoft Game Studios
Deadly Premonition	6.8	Access Games	Ignition Entertainment
Disney G-Force	6.8	Eurocom	Disney Interactive Studios
DmC: Devil May Cry - Vergil's Downfall	6.8	Ninja Theory	Capcom
EA Sports Active 2	6.8	EA Canada	EA Sports
Earth Defense Force 2025	6.8	Sandlot	D3Publisher
Earth Defense Force: Insect Armageddon	6.8	Vicious Cycle	D3Publisher
Enslaved: Odyssey to the West - Pigsy's Perfect 10	6.8	Ninja Theory	Namco Bandai Games
Fable Anniversary	6.8	Lionhead Studios	Microsoft Game Studios
FLOCK!	6.8	Proper Games	Capcom
Go! Go! Break Steady	6.8	Little Boy Games	Microsoft Game Studios
Golden Axe (1989)	6.8	Backbone Entertainment	Sega
Harry Potter and the Order of the Phoenix	6.8	EA Games	EA Games
Hasbro Family Game Night: Boggle	6.8	Electronic Arts	Electronic Arts
Ice Age: Dawn Of The Dinosaurs	6.8	Activision	Activision
Infinite Undiscovery	6.8	Tri-Ace	Square Enix
Jewel Quest	6.8	iWin	Microsoft Game Studios
JoJo's Bizarre Adventure HD Ver.	6.8	Capcom	Capcom
Joust	6.8	Digital Eclipse	Midway
Juiced 2: Hot Import Nights	6.8	Juice Games	THQ
Kinect Rush: A Disney-Pixar Adventure	6.8	Asobo Studio	Microsoft Game Studios
Lost Planet 2	6.8	Capcom	Capcom
Madballs in Babo: Invasion	6.8	Playbrains	Playbrains
Major League Baseball 2K12	6.8	Visual Concepts	Take-Two Interactive
MotoGP 08	6.8	Milestone S.r.l	Capcom
MXGP: The Official Motocross Videogame	6.8	Milestone S.r.l	Bandai Namco Games
Need for Speed: The Run	6.8	EA Black Box	Electronic Arts
Ninja Blade	6.8	From Software	Microsoft Game Studios
Planets Under Attack	6.8	Targem Games	TopWare Interactive
Puddle	6.8	Neko Entertainment	Konami
Rango (2011)	6.8	Behaviour Interactive	Paramount Digital Entertainment
Saints Row IV: Enter the Dominatrix	6.8	Volition Inc.	Deep Silver
Schizoid	6.8	Torpex Games LLC	Microsoft Game Studios
Serious Sam Double D	6.8	Mommy's Best Games	Mastertronic
Silent Hill: Downpour	6.8	Vatra	Konami
Space Giraffe	6.8	Llamasoft	Llamasoft
Spider-Man: Web of Shadows	6.8	Shaba Games	Activision
Stoked	6.8	Bongfish	Destineer
Test Drive Unlimited 2	6.8	Eden Studios	Atari SA
The Biggest Loser: Ultimate Workout	6.8	Blitz Games Studios	THQ
The Bureau: XCOM Declassified	6.8	2K Marin	2K Games
The UnderGarden	6.8	Vitamin G Studios	Atari SA
Tom Clancy's HAWX 2	6.8	Ubisoft	Ubisoft
Vandal Hearts: Flames of Judgment	6.8	Hijinx Studios	Konami
Viking: Battle for Asgard	6.8	Creative Assembly	Sega
Alien Breed 2: Assault	6.7	Team17	Team17
Assassin's Creed II: Bonfire of the Vanities	6.7	Ubisoft Montreal	Ubisoft
Assassin's Creed III - The Betrayal	6.7	Ubisoft Quebec	Ubisoft
Castlevania: Harmony of Despair	6.7	Konami	Konami
Constant C	6.7	International Games System Co., Ltd.	International Games System Co., Ltd.
Disney Castle of Illusion starring Mickey Mouse	6.7	Sega	Sega
DOOM 3 BFG Edition	6.7	id Software	Bethesda Softworks
Fallout 3 - Operation: Anchorage	6.7	Bethesda Game Studios	Bethesda Softworks
Joy Ride Turbo	6.7	BigPark	Microsoft Game Studios
NCAA March Madness 07	6.7	EA Canada	EA Sports
NFL Head Coach 09	6.7	EA Tiburon	Electronic Arts
NIER	6.7	Cavia Inc.	Square Enix
Nin2-Jump	6.7	Cave	Cave
PopCap Arcade Vol 2	6.7	PopCap	PopCap
Prince of Persia: Epilogue	6.7	Ubisoft Montreal	Ubisoft
Rayman Raving Rabbids	6.7	Ubisoft Montpellier	Ubisoft
Resident Evil 6	6.7	Capcom	Capcom
Resident Evil Code: Veronica X	6.7	Capcom	Capcom
Sega Superstars Tennis	6.7	Sumo Digital	Sega
Shoot Many Robots	6.7	Demiurge Studios	Ubisoft
Sniper Elite V2	6.7	Rebellion	505 Games
Space Ark (2010)	6.7	Strawdog Studios	Strawdog Studios
Tecmo Bowl Throwback	6.7	Southend Interactive	Tecmo
The Fancy Pants Adventures	6.7	Over the Top Games	Electronic Arts
The Simpsons Arcade Game	6.7	None	Konami
Thunder Wolves	6.7	Most Wanted Entertainment	bitComposer
Two Worlds II	6.7	Reality Pump	SouthPeak Games
Warhammer 40,000: Kill Team	6.7	THQ Warrington	THQ
Wreckateer	6.7	Iron Galaxy Studios	Microsoft Game Studios
3D Ultra MiniGolf Adventures	6.6	Wanako Studios	Sierra Online
A.R.E.S. Extinction Agenda EX	6.6	ORiGO GAMES	Aksys Games
Backbreaker: Vengeance	6.6	NaturalMotion	505 Games
Blazing Angels: Squadrons of WWII	6.6	Ubisoft	Ubisoft
Borderlands 2: Headhunter Pack 4 - Mad Moxxi and the Wedding Day Massacre	6.6	Gearbox Software	2K Games
Burnout Crash!	6.6	Criterion Games	Electronic Arts
Death Tank	6.6	Snowblind Studios	Microsoft Game Studios
Disney Universe	6.6	Eurocom	Disney Interactive Studios
Double Dragon: Neon	6.6	WayForward	Majesco
F.E.A.R. Files	6.6	TimeGate Studios	Sierra Entertainment
Fable II: Knothole Island	6.6	Lionhead Studios	Microsoft Game Studios
Fantastic Pets	6.6	Blitz Games Studios	THQ
Final Fantasy XI	6.6	SquareSoft	SCEA
Fuel (2009)	6.6	Asobo Studio	Codemasters
Galaga	6.6	Namco Bandai Games	Namco Bandai Games
Kinect Sports: Season Two	6.6	BigPark	Microsoft Game Studios
L.A. Noire: Reefer Madness	6.6	Team Bondi	Rockstar Games
Lost Cities (2008)	6.6	Sierra Online Shanghai	Sierra Online
Madden NFL Arcade	6.6	EA Tiburon	EA Sports
Major League Baseball 2K6	6.6	Kush Games	2K Sports
Marlow Briggs and the Mask of Death	6.6	ZootFly	505 Games
Monopoly Streets	6.6	Electronic Arts	Electronic Arts
Naruto Shippuden: Ultimate Ninja Storm 3 Full Burst	6.6	CyberConnect2	Namco Bandai Games
Red Faction: Guerrilla - Demons of the Badlands	6.6	Volition Inc.	THQ
Rock Band Country Track Pack	6.6	Harmonix Music Systems	MTV Games
Rotastic	6.6	Dancing Dots	Focus Home Interactive
Shadowrun (working title)	6.6	FASA Studio	Microsoft Game Studios
Shred Nebula	6.6	CrunchTime Games	CrunchTime Games
Strania	6.6	G.Rev	G.Rev
Teenage Mutant Ninja Turtles: The Arcade Game	6.6	Konami	Ubisoft
The Black Eyed Peas Experience	6.6	iNiS	Ubisoft
The Last Remnant	6.6	Square Enix	Square Enix
Tomb Raider Underworld: Lara's Shadow	6.6	Crystal Dynamics	Eidos Interactive
Tony Hawk's Pro Skater HD	6.6	Robomodo	Activision
Trivial Pursuit	6.6	EA Bright Light	Electronic Arts
Universe at War: Earth Assault	6.6	Petroglyph	Sega
Wolf of the Battlefield: Commando 3	6.6	Backbone Emeryville	Capcom
Wolfenstein 3D	6.6	Nerve Software	Activision
WRC: FIA World Rally Championship	6.6	Milestone S.r.l	CyberFront
Zombie Apocalypse (2009)	6.6	Nihilistic	Konami
Afro Samurai	6.5	Namco Bandai Games	Namco Bandai Games
Armored Core 4	6.5	From Software	Sega
Armored Core: Verdict Day	6.5	From Software	Namco Bandai Games
Baja: Edge of Control	6.5	2XL Games	THQ
Bankshot Billiards 2	6.5	PixelStorm	PixelStorm
Black Knight Sword	6.5	Grasshopper Manufacture	D3Publisher
Disney/Pixar Brave	6.5	Disney Interactive Studios	Disney Interactive Studios
Capcom Digital Collection	6.5	Capcom	Capcom
Choplifter HD	6.5	InXile Entertainment	InXile Entertainment
Contrast (2013)	6.5	Compulsion Games	Focus Home Interactive
Crash of the Titans	6.5	Radical Entertainment	Sierra Entertainment
Dance Dance Revolution Universe 2	6.5	Konami	Konami
Dance Dance Revolution Universe 3	6.5	Konami	Konami
Dig Dug	6.5	Namco Bandai Games	Namco Bandai Games
Disney/Pixar Cars	6.5	Rainbow Studios	THQ
Disney's Meet the Robinsons	6.5	Buena Vista Games	Buena Vista Games
Dynasty Warriors 8	6.5	Omega Force	Tecmo Koei Games
Dynasty Warriors: Gundam 3	6.5	Omega Force	Namco Bandai Games
Elements of Destruction	6.5	Frozen Codebase	THQ
Exit 2 (2006)	6.5	Taito Corporation	Taito Corporation
Fallout 3: Mothership Zeta	6.5	Bethesda Softworks	Bethesda Softworks
Feeding Frenzy	6.5	Sprout Games	Oberon Media
Feeding Frenzy 2: Shipwreck Showdown	6.5	Gastronaut Studios	PopCap
Gauntlet (1985)	6.5	Digital Eclipse	Midway
Harms Way	6.5	Bongfish	Bongfish
Jimmie Johnson's Anything With an Engine	6.5	Isopod Labs	Konami
Kane & Lynch: Dead Men	6.5	Io Interactive	Eidos Interactive
Kung Fu Strike: The Warrior's Rise	6.5	Qooc Soft	7sixty
Mass Effect 2: Arrival	6.5	BioWare	EA Games
Military Madness: Nectaris	6.5	Backbone Entertainment	Hudson Entertainment
Mini Ninjas Adventures	6.5	Side Kick LTD	Square Enix
Ms. Pac-Man	6.5	Namco Bandai Games	Namco Bandai Games
NASCAR '14	6.5	Eutechnyx	Deep Silver
007: Quantum of Solace	6.5	Treyarch	Activision
Robotron: 2084	6.5	Digital Eclipse	Midway
Shotest Shogi	6.5	AI Factory	Microsoft Game Studios
Texas Cheat 'Em	6.5	Wideload Games Inc.	D3Publisher
The Godfather II	6.5	EA Redwood Shores	Electronic Arts
Too Human	6.5	Silicon Knights	Microsoft Game Studios
WRC 2: FIA World Rally Championship 2011	6.5	Milestone S.r.l	CyberFront
Zeno Clash II	6.5	ACE Team	Atlus
3 on 3 NHL Arcade	6.4	EA Canada	Electronic Arts
Abyss Odyssey	6.4	ACE Team	Atlus
Aliens vs. Predator	6.4	Rebellion	Sega
Apples to Apples	6.4	ImaginEngine	THQ
Arcania: Gothic 4	6.4	Spellbound	JoWooD Entertainment AG
Armored Core: For Answer	6.4	From Software	Ubisoft
Crystal Quest	6.4	Stainless Games	Microsoft Game Studios
Darksiders II: Argul's Tomb	6.4	Vigil Games	THQ
Dragon Age II: Legacy	6.4	BioWare	Electronic Arts
F1 2014	6.4	Codemasters Birmingham	Codemasters
F1 Race Stars	6.4	Codemasters	Codemasters
Fallout: New Vegas - Honest Hearts	6.4	Obsidian Entertainment	Bethesda Softworks
Happy Feet Two	6.4	KMM Games	Warner Bros. Interactive Entertainment
Hardwood Hearts	6.4	Silver Creek Entertainment	Silver Creek Entertainment
Harry Potter and the Half-Blood Prince	6.4	EA Bright Light	EA Games
Killer Is Dead	6.4	Grasshopper Manufacture	XSEED Games
London 2012 - The Official Video Game of the Olympic Games	6.4	Sega Studios Australia	Sega
Mad Riders	6.4	Techland	Ubisoft
Magic: Duels of the Planeswalkers 2015	6.4	Wizards of the Coast	Wizards of the Coast
Major League Baseball 2K9	6.4	2K Sports	2K Sports
nail'd	6.4	Techland	Deep Silver
NBA Live 06	6.4	EA Canada	EA Sports
Need for Speed: Undercover	6.4	EA Vancouver	Electronic Arts
NeoGeo Battle Coliseum	6.4	SNK Playmore	SNK Playmore
Of Orcs and Men	6.4	Cyanide	Focus Home Interactive
Pac-Man Museum	6.4	Namco Bandai Games	Namco Bandai Games
Phantasy Star II	6.4	Backbone Entertainment	Sega
Phantasy Star Universe	6.4	Sonic Team	Sega
Project Sylpheed: Arc of Deception	6.4	Game Arts	Square Enix
Puzzlegeddon	6.4	Tecmo	Tecmo
Speedball 2: Brutal Deluxe	6.4	Razorworks	Empire Interactive
Star Trek: Legacy	6.4	Mad Doc Software	Bethesda Softworks
Storm	6.4	EKO Software	Namco Bandai Games
The Baconing	6.4	Hothead Games	Valcon Games
The Testament of Sherlock Holmes	6.4	Frogwares	Atlus
TNT Racers	6.4	Keen Games	DTP Entertainment
Wheelman	6.4	Tigon	Ubisoft
Yosumin!	6.4	Square Enix	Square Enix
Zombie Driver HD	6.4	EXOR Studios	Nordic Games Publishing
AC/DC Live: Rock Band Track Pack	6.3	Harmonix Music Systems	MTV Games
Alpha Protocol	6.3	Obsidian Entertainment	Sega
Angry Birds Trilogy	6.3	Rovio Entertainment	Activision
Assassin's Creed III - The Redemption	6.3	Ubisoft Quebec	Ubisoft
Bass Pro Shops: The Strike	6.3	Piranha Games	XS Games
Big Bumpin'	6.3	Blitz Games	King Games
Bladestorm: The Hundred Years' War	6.3	Omega Force	Koei
Borderlands: Mad Moxxi's Underdome Riot	6.3	Gearbox Software	2K Games
Clive Barker's Jericho	6.3	Mercury Steam	Codemasters
Contra	6.3	Backbone Entertainment	Konami
DanceMasters	6.3	GCP1	Konami
DarkStar One	6.3	Ascaron Entertainment	cdv Software
Dragon Ball Z Budokai HD Collection	6.3	Pyramid	Namco Bandai Games
DreamWorks Monsters vs. Aliens	6.3	Beenox	Activision
Fallout: New Vegas - Lonesome Road	6.3	Obsidian Entertainment	Bethesda Softworks
Fatal Fury Special	6.3	Mine Loader	SNK Playmore
FIFA Street 3	6.3	EA Canada	EA Sports
Final Fantasy XI: Wings of the Goddess	6.3	Square Enix	Square Enix
Fracture (2008)	6.3	Day 1 Studios	LucasArts
Gin Rummy (2008)	6.3	Sierra Online Shanghai	Sierra Online
Kane & Lynch 2: Dog Days	6.3	Io Interactive	Square Enix
Lucidity	6.3	LucasArts	LucasArts
Matt Hazard: Blood Bath and Beyond	6.3	Vicious Cycle	D3Publisher
Michael Jackson The Experience	6.3	Ubisoft Montpellier	Ubisoft
Missile Command (1980)	6.3	Stainless Games	Atari SA
MX vs. ATV Alive	6.3	THQ Digital Studio Phoenix	THQ
Namco Museum: Virtual Arcade	6.3	Namco Bandai Games	Namco Bandai Games
Raiden IV	6.3	Moss	UFO Interactive
Sacred Citadel	6.3	Southend Interactive	Deep Silver
SBK Superbike World Championship	6.3	Milestone S.r.l	Conspiracy Entertainment
Scarygirl	6.3	TikGames	Square Enix
Scrap Metal	6.3	Slick Entertainment	Slick Entertainment
Serious Sam 3: BFE	6.3	Croteam	Devolver Digital
Spider-Man 3	6.3	Treyarch	Activision
Texas Hold 'Em	6.3	TikGames	TikGames
The Adventures of Tintin: The Game	6.3	Ubisoft Montpellier	Ubisoft
The King of Fighters XII	6.3	SNK Playmore	Ignition Entertainment
Time Pilot	6.3	Digital Eclipse	Konami
Track & Field	6.3	Digital Eclipse	Konami
Triggerheart Exelica	6.3	Warashi	Warashi
Wits & Wagers	6.3	Hidden Path Entertainment	Microsoft Game Studios
Assassin's Creed Liberation HD	6.2	Ubisoft Sofia	Ubisoft
Bakugan: Defenders of the Core	6.2	Now Production	Activision
Batman: Arkham Origins Blackgate - Deluxe Edition	6.2	Armature Studio	Warner Bros. Interactive Entertainment
Bionic Commando Rearmed 2	6.2	Fatshark	Capcom
BlackSite: Area 51	6.2	Midway Studios - Austin	Midway
Blood Stone: 007	6.2	Bizarre Creations	Activision
Cloudy With a Chance of Meatballs	6.2	Ubisoft Shanghai	Ubisoft
Deadpool	6.2	High Moon Studios	Activision
Divinity II: Ego Draconis	6.2	Larian Studios Games	DTP Entertainment
Fable II: See the Future	6.2	Lionhead Studios	Microsoft Game Studios
FIFA 06: Road to FIFA World Cup	6.2	EA Canada	EA Sports
Fuse (2013)	6.2	Insomniac Games	Electronic Arts
Hardwood Backgammon	6.2	Silver Creek Entertainment	Silver Creek Entertainment
Hardwood Spades	6.2	Silver Creek Entertainment	Silver Creek Entertainment
Heroes Over Europe	6.2	Transmission Games	Ubisoft
Inferno Pool	6.2	Dark Energy Digital	Dark Energy Digital
Islands of Wakfu	6.2	Ankama Games	Microsoft Game Studios
Karaoke Revolution	6.2	Secret Level	Konami
Mad Tracks	6.2	Load Inc.	D3Publisher
DreamWorks Madagascar: Escape 2 Africa	6.2	Toys for Bob	Activision
Mafia II: Jimmy's Vendetta	6.2	2K Czech	2K Games
Marathon 2: Durandal	6.2	Freeverse	Microsoft Game Studios
Marvel Avengers: Battle for Earth	6.2	Ubisoft Quebec	Ubisoft
Might & Magic: Duel of Champions - Forgotten Wars	6.2	Ubisoft	Ubisoft
Mortal Kombat Arcade Kollection	6.2	Other Ocean Interactive	Warner Bros. Interactive Entertainment
Naruto Shippuden: Ultimate Ninja Storm Revolution	6.2	CyberConnect2	Bandai Namco Games
NASCAR 2011: The Game	6.2	Eutechnyx	Activision
Nat Geo Challenge! Wild Life	6.2	Gusto Games	D3Publisher
Pac-Man	6.2	Namco Bandai Games	Namco Bandai Games
PowerUp Forever	6.2	Blitz Arcade	Namco Bandai Games
Rainbow Islands: Towering Adventure!	6.2	Taito Corporation	Square Enix
Rumble Roses XX	6.2	Konami	Konami
Sherlock Holmes vs. Jack the Ripper	6.2	Frogwares	Focus Home Interactive
DreamWorks Shrek Forever After	6.2	Xpec	Activision
Splatterhouse	6.2	Namco Bandai Games	Namco Bandai Games
Superstars V8 Racing	6.2	Milestone S.r.l	O-Games
The Legend of Spyro: Dawn of the Dragon (2008)	6.2	Etranges Libellules	Activision
TNA iMPACT!	6.2	Midway Studios - Los Angeles	Midway
Tornado Outbreak	6.2	Loose Cannon Studios	Konami
Tower Bloxx Deluxe	6.2	Digital Chocolate	Digital Chocolate
Wanted: Weapons of Fate	6.2	GRIN	Warner Bros. Interactive Entertainment
WRC 3: FIA World Rally Championship	6.2	Milestone S.r.l	Namco Bandai Games
WRC 4: FIA World Rally Championship	6.2	Milestone S.r.l	Bigben Interactive
Zombie Apocalypse: Never Die Alone	6.2	Backbone Entertainment	Konami
Air Conflicts: Secret Wars	6.1	Games Farm	Kalypso
Backyard Football '10	6.1	Humongous Entertainment	Atari SA
Ben 10 Alien Force: Vilgax Attacks	6.1	Papaya Studio	D3Publisher
Blacklight: Tango Down	6.1	Zombie Studios	Ignition Entertainment
Blood Bowl	6.1	Cyanide	Focus Home Interactive
Dance! It's Your Stage	6.1	Sproing	dtp Young Entertainment AG
Dead to Rights: Retribution	6.1	Volatile Games	Namco Bandai Games
Disney/Pixar Up	6.1	Heavy Iron Studios	THQ
Dynasty Warriors 5 Empires	6.1	Omega Force	Koei
Fable: The Journey	6.1	Lionhead Studios	Microsoft Game Studios
Fatal Inertia EX	6.1	Koei	Koei
Football Genius - The Ultimate Quiz	6.1	RTL	RTL
Frogger	6.1	Digital Eclipse	Konami
Happy Wars	6.1	Toylogic	Microsoft Game Studios
Hunted: The Demon's Forge	6.1	InXile Entertainment	Bethesda Softworks
Invincible Tiger: The Legend of Han Tao	6.1	Blitz Arcade	Namco Bandai Games
James Cameron's Avatar: The Game	6.1	Ubisoft Montreal	Ubisoft
Kinect Adventures!	6.1	Good Science Studio	Microsoft Game Studios
Mafia II: Joe's Adventures	6.1	2K Czech	2K Games
Mars: War Logs	6.1	Spiders	Focus Home Interactive
Metal Slug XX	6.1	SNK Playmore	Atlus
Midway Arcade Origins	6.1	Backbone Entertainment	Warner Bros. Interactive Entertainment
Moon Diver	6.1	FeelPlus	Square Enix
Naval Warfare	6.1	Games Distillery	Microsoft Game Studios
Ninety-Nine Nights	6.1	Q Entertainment	Microsoft Game Studios
PowerUp Heroes	6.1	Ubisoft	Ubisoft
Red Dead Redemption: Legends & Killers	6.1	Rockstar San Diego	Rockstar Games
Root Beer Tapper	6.1	Digital Eclipse	Midway
SBK Generations	6.1	Milestone S.r.l	Black Bean Games
Shaun White Skateboarding	6.1	Ubisoft Montreal	Ubisoft
Slender: The Arrival	6.1	Blue Isle Studios	Blue Isle Studios
Sonic the Hedgehog 4: Episode II	6.1	Sega	Sega
Star Wars: The Force Unleashed II	6.1	LucasArts	LucasArts
Super Contra	6.1	Konami	Konami
Surf's Up	6.1	Ubisoft	Ubisoft
Test Drive: Ferrari Racing Legends	6.1	Slightly Mad Studios	Rombax Games
The Lord of the Rings: War in the North	6.1	Snowblind Studios	Warner Bros. Interactive Entertainment
Transformers: Revenge of the Fallen The Mobile Game	6.1	Luxoflux, Inc.	Activision
Voodoo Dice	6.1	Exkee	Ubisoft
All Zombies Must Die!	6.0	Doublesix	Square Enix
Bakugan Battle Brawlers	6.0	Now Production	Activision
Beijing 2008: The Official Video Game of the Olympic Games	6.0	Eurocom	Sega
Buku Sudoku	6.0	Absolutist	Microsoft Game Studios
Captain America: Super Soldier	6.0	Next Level Games	Sega
Chaotic: Shadow Warriors	6.0	FUN Labs	Activision
Crash: Mind Over Mutant	6.0	Radical Entertainment	Activision
Create	6.0	EA Bright Light	EA Games
Defiance	6.0	Trion Worlds	Trion Worlds
Dynasty Warriors 6	6.0	Omega Force	Koei
Encleverment Experiment	6.0	Blitz Arcade	Blitz Arcade
JAM Live Music Arcade	6.0	Zivix LLC	Reverb
Jeremy McGrath's Offroad	6.0	2XL Games	D3Publisher
Jurassic Park: The Game	6.0	Telltale Games	Telltale Games
Jurassic: The Hunted	6.0	Cauldron Ltd.	Activision
Karateka (2012)	6.0	Liquid Entertainment	D3Publisher
Leedmees	6.0	Konami	Konami
Legend of the Guardians: The Owls of Ga'Hoole	6.0	Krome Studios	Warner Bros. Interactive Entertainment
Mass Effect 3: Omega	6.0	BioWare	Electronic Arts
MicroBot	6.0	Naked Sky Entertainment	Electronic Arts
Pac-Man and the Ghostly Adventures 2	6.0	Vicious Cycle	Bandai Namco Games
Rio	6.0	Eurocom	THQ
Risen	6.0	Piranha Bytes	Deep Silver
Risen 2: Dark Waters	6.0	Piranha Bytes	Deep Silver
Sega Vintage Collection: Golden Axe	6.0	M2	Sega
Shaun White Snowboarding	6.0	Ubisoft Montreal	Ubisoft
Sonic Adventure 2	6.0	Sonic Team	Sega
Sonic Unleashed	6.0	Sonic Team	Sega
Spider-Man: Friend or Foe	6.0	Next Level Games	Activision
Teenage Mutant Ninja Turtles: Turtles in Time Re-Shelled	6.0	Ubisoft Singapore	Ubisoft
Tomb Raider Underworld: Beneath the Ashes	6.0	Crystal Dynamics	Eidos Interactive
Warface	6.0	Crytek	Crytek
WarTech: Senko no Ronde	6.0	G.Rev	Ubisoft
Arkadian Warriors	5.9	Wanako Studios	Sierra Online
Bionicle Heroes	5.9	Traveller's Tales	Eidos Interactive
Crazy Taxi (1999)	5.9	Hitmaker	Sega
Dance Paradise	5.9	Smack Down Productions	THQ
Dark Void	5.9	Airtight Games	Capcom
Disney Epic Mickey 2: The Power of Two	5.9	Blitz Games Studios	Disney Interactive Studios
Dogfight 1942	5.9	City Interactive	City Interactive
Dynasty Warriors 6 Empires	5.9	Omega Force	Koei
Dynasty Warriors: Strikeforce	5.9	Omega Force	Koei
Fist of the North Star: Ken's Rage	5.9	Koei	Koei Tecmo Games
GEON: emotions	5.9	Strawdog Studios	Eidos Interactive
Green Lantern: Rise of the Manhunters	5.9	Double Helix Games	Warner Bros. Interactive Entertainment
How to Survive	5.9	EKO Software	505 Games
Hydrophobia	5.9	Dark Energy Digital	Microsoft Game Studios
KrissX	5.9	Regolith Games ltd	Konami
Mass Effect 3: From Ashes	5.9	BioWare	Electronic Arts
NASCAR 08	5.9	EA Tiburon	EA Sports
NBA Live 07	5.9	EA Sports	EA Sports
Open Season	5.9	Ubisoft	Ubisoft
Saw	5.9	Zombie Studios	Konami
Soltrio Solitaire	5.9	Silver Creek Entertainment	Silver Creek Entertainment
Spectral Force 3	5.9	Xpec	Atlus
The Spiderwick Chronicles	5.9	Stormfront Studios	Sierra Entertainment
Transformers: Dark of the Moon	5.9	High Moon Studios	Activision
Worms Ultimate Mayhem	5.9	Team17	Team17
Adventure Time: The Secret of the Nameless Kingdom	5.8	WayForward	Little Orbit
Aegis Wing	5.8	Carbonated Games	Microsoft Game Studios
Alone in the Dark (2008)	5.8	Eden Studios	Atari SA
Arkanoid Live!	5.8	Taito Corporation	Taito Corporation
Assassin's Creed II: Battle of Forli	5.8	Ubisoft Montreal	Ubisoft
Bang Bang Racing	5.8	Digital Reality	Digital Reality
Blade Kitten	5.8	Krome Studios	Atari SA
Borderlands 2: Headhunter Pack 1 - TK Baha's Bloody Harvest	5.8	Gearbox Software	2K Games
Cabela's Dangerous Hunts 2013	5.8	Activision	Activision
Defender (2002)	5.8	7 Studios	Midway
Disney Pirates of the Caribbean: At World's End	5.8	Eurocom	Disney Interactive Studios
Disney/Pixar Cars Mater-National Championship	5.8	Rainbow Studios	THQ
Disney's TRON: Evolution	5.8	Propaganda Games	Disney Interactive Studios
DreamWorks How to Train Your Dragon	5.8	Etranges Libellules	Activision
Duke Nukem Forever: The Doctor Who Cloned Me	5.8	Gearbox Software	2K Games
Dynasty Warriors 7	5.8	Omega Force	Koei Tecmo Games
Far Cry Classic	5.8	Crytek	Ubisoft
Front Mission Evolved	5.8	Double Helix Games	Square Enix
God Mode	5.8	Old School Games	Atlus
Lost Planet 3	5.8	Spark Unlimited	Capcom
Ninja Gaiden 3	5.8	Team Ninja	Tecmo Koei Games
Rabbids: Alive & Kicking	5.8	Ubisoft	Ubisoft
Rush'n Attack	5.8	Digital Eclipse	Konami
TiQal	5.8	Slapdash Games	Microsoft Game Studios
TMNT	5.8	Ubisoft Montreal	Ubisoft
Vigilante 8: Arcade	5.8	Isopod Labs	Activision
Worms Collection	5.8	Team17	Maximum Games
WRC Powerslide	5.8	Milestone S.r.l	Milestone S.r.l
Blazing Birds	5.7	Vector 2 Games	Microsoft Game Studios
Body and Brain Connection	5.7	Namco Bandai Games	Namco Bandai Games
Disney Bolt	5.7	Avalanche Software	Disney Interactive Studios
Breach (2011)	5.7	Atomic Games	Destineer
Dead Island: Riptide	5.7	Techland	Deep Silver
Dead Space 2: Severed	5.7	Visceral Games	Electronic Arts
Double Dragon	5.7	Brizo Interactive Corporation	Bow Mobile
Dragon Ball: Raging Blast 2	5.7	Spike	Namco Bandai Games
F.E.A.R. 2: Reborn	5.7	Monolith Productions	Warner Bros. Interactive Entertainment
Faery: Legends of Avalon	5.7	Spiders	Focus Home Interactive
Final Exam	5.7	Mighty Rocket Studio	Focus Home Interactive
Freefall Racers	5.7	Smoking Gun Interactive	Deep Silver
Gears of War: Judgment - Call to Arms	5.7	Epic Games	Microsoft Game Studios
Get Fit With Mel B	5.7	Lightning Fish Games	Deep Silver
Guitar Hero: Van Halen	5.7	Neversoft Entertainment	Activision
John Daly's ProStroke Golf	5.7	Gusto Games	O-Games
Puzzle Chronicles	5.7	Konami	Konami
Rocketmen: Axis of Evil	5.7	A.C.R.O.N.Y.M. Games	Capcom
Sea Life Safari	5.7	Wanako Studios	Sierra Online
Sega Bass Fishing	5.7	SIMS	Sega
Space Chimps	5.7	Red Tribe	Brash Entertainment
Special Forces: Team X	5.7	Zombie Studios	Atari SA
Spider-Man: Edge of Time	5.7	Beenox	Activision
Who Wants to Be a Millionaire? Special Editions	5.7	Doublesix	Deep Silver
World of Outlaws: Sprint Cars	5.7	Big Ant Studios	THQ
Bound by Flame	5.6	Spiders	Focus Home Interactive
Carnival Games: Monkey See, Monkey Do!	5.6	Take-Two Interactive	Take-Two Interactive
Deadliest Catch: Alaskan Storm	5.6	Liquid Dragon Studios	Navarre Corp
Deadliest Warrior: Legends	5.6	Pipeworks Software, Inc.	Spike Games
Deadliest Warrior: The Game	5.6	Pipeworks Software, Inc.	Pipeworks Software, Inc.
Death By Cube	5.6	Premium Agency 	Square Enix
Diabolical Pitch	5.6	Grasshopper Manufacture	Microsoft Game Studios
Disney/Pixar Ratatouille	5.6	Asobo Studio	THQ
Don King Presents: Prizefighter	5.6	Venom Games	2K Sports
Dragon Age: Origins - Darkspawn Chronicles	5.6	BioWare	Electronic Arts
Dragon Age: Origins - Witch Hunt	5.6	BioWare	Electronic Arts
Dragon Ball: Raging Blast	5.6	Spike	Namco Bandai Games
Guilty Gear 2: Overture	5.6	Arc System Works	Aksys Games
Gyruss	5.6	Digital Eclipse	Konami
Kung-Fu High Impact	5.6	Virtual Air Guitar Company	UTV Ignition Games
Monopoly (2008)	5.6	Electronic Arts	Electronic Arts
MySims SkyHeroes	5.6	Electronic Arts	Electronic Arts
Port Royale 3: Pirates and Merchants	5.6	Gaming Minds Studios	Kalypso
Scene It? Bright Lights! Big Screen!	5.6	Artificial Mind and Movement	Warner Bros. Interactive Entertainment
Shinobi (1987)	5.6	M2	Sega
DreamWorks Shrek the Third	5.6	7 Studios	Activision
Skydive: Proximity Flight	5.6	Gaijin Entertainment	Gaijin Entertainment
Supreme Commander	5.6	Gas Powered Games	THQ
Tenchu Z	5.6	K2 LLC	Microsoft Game Studios
The Chronicles of Narnia: Prince Caspian	5.6	Traveller's Tales	Disney Interactive Studios
Velvet Assassin	5.6	Replay Studios	SouthPeak Games
Viva Pinata: Party Animals	5.6	Krome Studios	Microsoft Game Studios
Watchmen: The End Is Nigh Parts 1 and 2	5.6	Deadline Games	Warner Bros. Interactive Entertainment
Xevious	5.6	Arika	Nintendo
Alien Spidy	5.5	Enigma Software Productions	Kalypso
Asteroids & Deluxe	5.5	Stainless Games	Atari SA
Battlestar Galactica (2007)	5.5	Auran	Sierra Online
Bloody Good Time	5.5	Ubisoft	Ubisoft
Bullet Witch	5.5	Cavia Inc.	Atari SA
BurgerTime World Tour	5.5	MonkeyPaw Games	MonkeyPaw Games
Cabela's Dangerous Hunts 2011	5.5	Activision	Activision
Centipede & Millipede	5.5	Stainless Games	Atari SA
Crazy Machines Elements	5.5	FAKT Software	DTP Entertainment
Dragon Ball Z: Ultimate Tenkaichi	5.5	Spike	Namco Bandai Games
Dynasty Warriors: Gundam	5.5	Omega Force	Namco Bandai Games
Fable Heroes	5.5	Lionhead Studios	Microsoft Game Studios
Fist of the North Star: Ken's Rage 2	5.5	Omega Force	Koei Tecmo Games
Frogger: Hyper Arcade Edition	5.5	Zombie Studios	Konami
Kinect Star Wars	5.5	Terminal Reality	Microsoft Game Studios
Kingdom Under Fire: Circle of Doom	5.5	Blueside	Microsoft Game Studios
Little League World Series Baseball 2010	5.5	Now Production	Activision
Lost: Via Domus	5.5	Ubisoft Montreal	Ubisoft
Marvel Super Hero Squad: The Infinity Gauntlet	5.5	THQ	THQ
Monster Madness	5.5	Artificial Studios	SouthPeak Games
NBA Ballers: Chosen One	5.5	Midway	Midway
Rugby World Cup 2011	5.5	HB Studios Multimedia	505 Games
Smash Court Tennis 3	5.5	Bandai Namco Games	Atari SA
SpongeBob SquarePants: Underpants Slam!	5.5	Blitz Arcade	THQ
The Amazing Spider-Man 2	5.5	Beenox	Activision
The Incredible Hulk (2008)	5.5	Edge of Reality	Sega
The Lord of the Rings: Conquest	5.5	Pandemic Studios	Electronic Arts
The War of the Worlds	5.5	Other Ocean Interactive	Paramount Digital Entertainment
Warhammer: Battle March	5.5	Black Hole Games	Namco Bandai Games
Watchmen: The End Is Nigh	5.5	Deadline Games	Warner Bros. Interactive Entertainment
Way of the Samurai 3	5.5	Acquire	UFO Interactive
Yar's Revenge	5.5	Killspace Entertainment	Atari SA
Yo-Ho Kablammo	5.5	Canalside Studios	Microsoft Game Studios
You're in the Movies	5.5	Zoe Mode	Codemasters
Adidas miCoach	5.4	Chromativity	505 Games
Army of Two: The Devil's Cartel	5.4	Visceral Games	Electronic Arts
Avatar: The Last Airbender - The Burning Earth	5.4	THQ	THQ
Backbreaker	5.4	NaturalMotion	505 Games
Boogie Bunnies	5.4	Artech Studios	Sierra Online
Brain Challenge	5.4	Gameloft	Microsoft Game Studios
Disney/Pixar Cars Race-O-Rama	5.4	Incinerator Games	THQ
Dragon Age: Origins - Return to Ostagar	5.4	BioWare	Electronic Arts
FaceBreaker	5.4	EA Canada	EA Sports
Fret Nice	5.4	Tecmo	Tecmo
Harry Potter for Kinect	5.4	Eurocom	Warner Bros. Interactive Entertainment
Hexodius	5.4	Brain Slap Studio	Brain Slap Studio
Import Tuner Challenge	5.4	Genki	Ubisoft
Minesweeper Flags	5.4	TikGames	Microsoft Game Studios
MUD - FIM Motocross World Championship	5.4	Milestone S.r.l	Namco Bandai Games
Pocketbike Racer	5.4	Blitz Games	King Games
Rise of Nightmares	5.4	Sega	Sega
Rise of the Argonauts	5.4	Liquid Entertainment	Codemasters
RocketBowl	5.4	Large Animal	D3Publisher
Sneak King	5.4	Blitz Games	King Games
Spyglass Board Games	5.4	Strange Flavour	Microsoft Game Studios
The Elder Scrolls V: Skyrim - Hearthfire	5.4	Bethesda Game Studios	Bethesda Softworks
Top Gun: Hard Lock	5.4	505 Games	505 Games
uDraw Studio: Instant Artist	5.4	Pipeworks Software, Inc.	THQ
Vancouver 2010 - The Official Video Game of the Olympic Winter Games	5.4	Eurocom	Sega
Warriors: Legends of Troy	5.4	Tecmo Koei Canada	Koei Tecmo Games
Bodycount (2011)	5.3	Guildford Studio	Codemasters
Cabela's African Safari	5.3	FUN Labs	Activision Value
Dash of Destruction	5.3	NinjaBee	Microsoft Game Studios
Dead or Alive Xtreme 2	5.3	Team Ninja	Tecmo
Dragon Ball Z: Battle of Z	5.3	Artdink	Namco Bandai Games
Dreamcast Collection	5.3	Sega	Sega
Dungeon Fighter LIVE: Fall of Hendon Myre	5.3	Nexon	Microsoft Game Studios
Eat Lead: The Return of Matt Hazard	5.3	Vicious Cycle	D3Publisher
Ecco the Dolphin	5.3	Backbone Entertainment	Sega
Fable II Pub Games	5.3	Lionhead Studios	Microsoft Game Studios
Inversion	5.3	Saber Interactive	Namco Bandai Games
Medal of Honor: Warfighter	5.3	Danger Close	Electronic Arts
Painkiller: Hell & Damnation	5.3	The Farm 51	Nordic Games Publishing
Pictionary: Ultimate Edition	5.3	Page 44 Studios	THQ
Planet 51 The Game	5.3	Pyro Studios	Sega
Samurai Warriors 2 Empires	5.3	Omega Force	Koei
Star Trek: D-A-C	5.3	Naked Sky Entertainment	Paramount Digital Entertainment
Tetris Splash	5.3	None	Tetris Online, Inc
The History Channel: Civil War - A Nation Divided	5.3	Cauldron Ltd.	Activision
Tony Hawk: Shred	5.3	Robomodo	Activision
Warriors Orochi	5.3	Omega Force	Koei
Blades of Time	5.2	Gaijin Entertainment	Konami
Cartoon Network: Punch Time Explosion	5.2	Papaya Studio	Crave
Conflict: Denied Ops	5.2	Pivotal Games	Eidos Interactive
Crystal Defenders	5.2	TOSE	Square Enix
Defenders of Ardania	5.2	Most Wanted Entertainment	Paradox Interactive
Game of Thrones	5.2	Cyanide	Atlus
Hail to the Chimp	5.2	Wideload Games Inc.	Gamecock Media Group
Kinect Joy Ride	5.2	BigPark	Microsoft Game Studios
NeverDead	5.2	Rebellion	Konami
Realms of Ancient War	5.2	Wizarbox	Focus Home Interactive
Red Faction: Battlegrounds	5.2	THQ Digital Studios UK	THQ
Resident Evil: Operation Raccoon City	5.2	Slant Six	Capcom
Samurai Warriors 2	5.2	Omega Force	Koei
Sniper: Ghost Warrior 2	5.2	City Interactive	City Interactive
South Park: Tenorman's Revenge	5.2	Other Ocean Interactive	Other Ocean Interactive
Spare Parts	5.2	EA Bright Light	Electronic Arts
Tetris Evolution	5.2	Mass Media	THQ
The First Templar	5.2	Haemimont Games	Kalypso
Transformers: The Game	5.2	Traveller's Tales	Activision
X-Men: The Official Game	5.2	Z-Axis, Ltd.	Activision
Xotic	5.2	WXP	Valcon Games
Are You Smarter Than a 5th Grader: Make the Grade	5.1	Blitz Games Studios	THQ
Babel Rising	5.1	Mondo Productions	Ubisoft
Ben 10 Ultimate Alien: Cosmic Destruction	5.1	Papaya Studio	D3Publisher
Cabela's Big Game Hunter (2007)	5.1	FUN Labs	Activision
Cabela's North American Adventures	5.1	FUN Labs	Activision
CSI: Crime Scene Investigation: Deadly Intent	5.1	Telltale Games	Ubisoft
Fairytale Fights	5.1	Playlogic	Playlogic
Halo: Spartan Assault	5.1	343 Industries	Microsoft Game Studios
Happy Tree Friends: False Alarm	5.1	Stainless Games	Sega
History Legends of War: Patton	5.1	Enigma Software Productions	Maximum Games
Le Tour de France 2013 - 100th Edition	5.1	Cyanide	Focus Home Interactive
Red Johnson's Chronicles - One Against All	5.1	Lexis Numerique	Namco Bandai Games
Rush'N Attack Ex-Patriot	5.1	Vatra	Konami
Sacred 3	5.1	Deep Silver	Deep Silver
Saints Row 2: Ultor Exposed	5.1	Volition Inc.	THQ
Superman Returns	5.1	EA Tiburon	EA Games
The History Channel: Civil War - Secret Missions	5.1	Cauldron Ltd.	Activision
Unbound Saga	5.1	Vogster	Vogster Entertainment, LLC
Warlords (2008)	5.1	Stainless Games	Atari SA
Where the Wild Things Are	5.1	Griptonite Games	Warner Bros. Interactive Entertainment
Wing Commander Arena	5.1	Gaia Industries	EA Games
Yie Ar Kung Fu	5.1	Digital Eclipse	Konami
Adrenalin Misfits	5.0	Konami	Konami
Battlezone (2008)	5.0	Stainless Games	Atari SA
Dead Block	5.0	Candygun Games	Namco Bandai Games
Dead Space 3: Awakened	5.0	Visceral Games	Electronic Arts
Disney*Pixar WALL-E	5.0	Heavy Iron Studios	THQ
DreamWorks Kung Fu Panda 2	5.0	THQ	THQ
Fable III: Understone Quest Pack	5.0	Lionhead Studios	Microsoft Game Studios
Flashback	5.0	Ubisoft	Ubisoft
Haunted House (2010)	5.0	ImaginEngine	Atari SA
Narco Terror	5.0	Koch Media	Deep Silver
Night at the Museum: Battle of the Smithsonian The Video Game	5.0	Majesco	Majesco
Novadrome	5.0	Stainless Games	Buena Vista Games
Soldier of Fortune: Payback	5.0	Cauldron Ltd.	Activision Value
Two Worlds	5.0	Reality Pump	SouthPeak Games
Voltron	5.0	Behaviour Interactive	THQ
WWE 2K15	5.0	Yuke's	2K Sports
X-Blades	5.0	Gaijin Entertainment	SouthPeak Games
YAIBA: NINJA GAIDEN Z	5.0	Spark Unlimited	Tecmo Koei Games
Yoostar 2: In The Movies	5.0	Blitz Games Studios	Yoostar Entertainment Group
Damage Inc.: Pacific Squadron WWII	4.9	Mad Catz	Mad Catz
Dollar Dash	4.9	Candygun Games	Kalypso
Domino Master	4.9	TikGames	Microsoft Game Studios
Doodle Jump for Kinect	4.9	Smoking Gun Interactive	D3Publisher
Dragon Ball Z for Kinect	4.9	Spike Chunsoft	Namco Bandai Games
DreamWorks Shrek-N-Roll	4.9	Backbone Entertainment	Activision
Duke Nukem Forever	4.9	3D Realms	2K Games
Dynasty Warriors: Gundam 2	4.9	Omega Force	Namco Bandai Games
Fuzion Frenzy 2	4.9	Hudson Soft	Microsoft Game Studios
Knights Contract	4.9	Game Republic	Namco Bandai Games
Lucha Libre AAA Heroes del Ring	4.9	Immersion Software & Graphics	Konami
NFL Tour	4.9	EA Tiburon	Electronic Arts
Over G Fighters	4.9	Taito Corporation	Ubisoft
Pac-Man and the Ghostly Adventures	4.9	Monkey Bar Games	Namco Bandai Games
Puzzle Arcade	4.9	Ctxm/Say Design	Eidos Interactive
Saints Row: The Third - Genki Bowl VII	4.9	Volition Inc.	THQ
Supremacy MMA	4.9	Kung Fu Factory	505 Games
World Championship Poker: Featuring Howard Lederer - All In	4.9	Point of View	Crave
Yoostar on MTV	4.9	Yoostar Entertainment Group	Yoostar Entertainment Group
Zombie Wranglers	4.9	Frozen Codebase	Sierra Online
Aliens: Colonial Marines	4.8	Gearbox Software	Sega
Cabela's Alaskan Adventures	4.8	FUN Labs	Activision
CSI: Crime Scene Investigation: Hard Evidence	4.8	Telltale Games	Ubisoft
Eragon	4.8	Stormfront Studios	Sierra Entertainment
Fire Pro Wrestling	4.8	Spike Chunsoft	Microsoft Game Studios
Mass Effect: Pinnacle Station	4.8	Demiurge Studios	Electronic Arts
Michael Phelps: Push the Limit	4.8	Blitz Games	505 Games
MLB 2K13	4.8	Visual Concepts	2K Games
MX Vs ATV: Supercross	4.8	Rainbow Studios	Nordic Games Publishing
Otomedius Excellent	4.8	Konami	Konami
Rock of the Dead	4.8	Epicenter Studios	Conspiracy Entertainment
Sonic Adventure DX Director's Cut	4.8	Sonic Team	Sega
Stormrise	4.8	Creative Assembly	Sega
Summer Athletics: The Ultimate Challenge	4.8	49Games	Conspiracy Entertainment
Terminator Salvation (2009)	4.8	GRIN	Warner Bros. Interactive Entertainment
Adventure Time: Explore the Dungeon Because I DON'T KNOW!	4.7	WayForward	D3Publisher
Bellator: MMA Onslaught	4.7	Kung Fu Factory	345 Games
Call of Juarez: The Cartel	4.7	Techland	Ubisoft
Deep Black	4.7	Biart	505 Games
Family Feud: 2012 Edition	4.7	Ubisoft	Ubisoft
Hole in the Wall	4.7	Virtuos	Microsoft Game Studios
Legendary	4.7	Spark Unlimited	Gamecock Media Group
Mayhem 3D	4.7	Left Field Productions	Rombax Games
MLB Front Office Manager	4.7	Blue Castle Games	2K Sports
Naughty Bear: Panic in Paradise	4.7	Behaviour Interactive	505 Games
Red Bull Crashed Ice Kinect	4.7	Bongfish	Microsoft Game Studios
Saw II: Flesh & Blood	4.7	Zombie Studios	Konami
Scramble	4.7	Digital Eclipse	Konami
Sonic Free Riders	4.7	Sonic Team	Sega
Sonic the Fighters	4.7	Sega AM2	Sega
Tempest	4.7	Stainless Games	Atari SA
X-Men: Destiny	4.7	Silicon Knights	Activision
Alien Rage	4.6	CI Games	CI Games
Ben 10 Alien Force: The Rise of Hex	4.6	Black Lantern Studios	Konami
Carrier Command: Gaea Mission	4.6	Bohemia Interactive	Rising Star Games
Dungeons & Dragons: Daggerdale	4.6	Bedlam Games	Atari SA
Le Tour de France (2011)	4.6	Cyanide	Focus Home Interactive
MLB Stickball	4.6	Gaia Industries	2K Sports
Operation Darkness	4.6	Success	Atlus
RayStorm HD	4.6	Taito Corporation	Taito Corporation
Samurai Shodown Sen	4.6	K2 LLC	XSEED Games
Shadow Assault -Tenchu-	4.6	From Software	From Software
Sonic the Hedgehog (2006)	4.6	Sonic Team	Sega
Tony Hawk Ride	4.6	Robomodo	Activision
Winter Stars	4.6	49Games	Deep Silver
Yu-Gi-Oh! 5D's Decade Duels	4.6	Konami	Konami
Zoids Assault	4.6	Takara Tomy	Atlus
007 Legends	4.5	Eurocom	Activision
Fantastic Four: Rise of the Silver Surfer	4.5	Visual Concepts	2K Games
Ghostbusters: Sanctum of Slime	4.5	Behavior Studios	Atari SA
Golden Axe: Beast Rider	4.5	Secret Level	Sega
Interpol: The Trail of Dr. Chaos	4.5	TikGames	Microsoft Game Studios
Iron Man (2008)	4.5	Secret Level	Sega
JASF: Jane's Advanced Strike Fighters	4.5	Trickstar Games	Maximum Family Games
DreamWorks Madagascar 3: The Video Game	4.5	D3Publisher	D3Publisher
Mr. Driller Online	4.5	Namco Bandai Games	Namco Bandai Games
N3II: Ninety-Nine Nights	4.5	FeelPlus	Konami
Red Bull X-Fighters	4.5	Xendex	Konami
Sniper: Ghost Warrior	4.5	City Interactive	City Interactive
Spartacus Legends	4.5	Kung Fu Factory	Ubisoft
Ugly Americans: Apocalypsegeddon	4.5	Backbone Entertainment	Comedy Central Games
War World: Tactical Combat	4.5	Third Wave Games	Ubisoft
Brunswick Pro Bowling (2009)	4.4	Farsight Studios	Crave
Crash Time: Autobahn Pursuit	4.4	Synetic	Crave
Darkest of Days	4.4	8Monkey Labs	Valcon Games
Dead Island: Ryder White	4.4	Techland	Deep Silver
Discs of Tron	4.4	Backbone Charlottetown	Disney Interactive Studios
FunTown Mahjong	4.4	FunTown World Limited	Microsoft Game Studios
Harry Potter and the Deathly Hallows, Part 2	4.4	EA Bright Light	Electronic Arts
Hellboy: The Science of Evil	4.4	Krome Studios	Konami
Le Tour de France 2012	4.4	Cyanide	Focus Home Interactive
NPPL Championship Paintball 2009	4.4	FUN Labs	Activision
Pirates vs Ninjas Dodgeball	4.4	Blazing Lizard	SouthPeak Games
Risen 3: Titan Lords	4.4	Piranha Bytes	Deep Silver
Street Trace: NYC	4.4	Gaia Industries	Gaia Industries
TotemBall	4.4	Strange Flavour	Freeverse Software
Tour de France 2009	4.4	Cyanide	Focus Home Interactive
Transformers: Rise of the Dark Spark	4.4	Edge of Reality	Activision
Warriors Orochi 2	4.4	Omega Force	Koei
Watchmen: The End Is Nigh Part 2	4.4	Deadline Games	Warner Bros. Interactive Entertainment
America's Army: True Soldiers	4.3	Red Storm Entertainment	Ubisoft
Bliss Island	4.3	Pompom Software	Codemasters
Blood Knights	4.3	Deck 13	DTP Entertainment
Deadfall Adventures	4.3	The Farm 51	Nordic Games Publishing
Hot Wheels: Beat That!	4.3	Eutechnyx	Activision
Ice Age: Continental Drift - Arctic Games	4.3	Activision	Activision
Mindjack	4.3	FeelPlus	Square Enix
Monster Jam	4.3	Torus Games	Activision
Naughty Bear	4.3	Artificial Mind and Movement	505 Games
New Rally-X	4.3	Bandai Namco Games	Namco Bandai Games
Omerta: City of Gangsters	4.3	Haemimont Games	Kalypso
PDC World Championship Darts 2008	4.3	Oxygen Interactive	O-Games
Rise of the Guardians	4.3	Torus Games	D3Publisher
Star Wars The Clone Wars: Republic Heroes	4.3	Krome Studios	LucasArts
TRON	4.3	Backbone Entertainment	Disney Interactive Studios
Turning Point: Fall of Liberty	4.3	Spark Unlimited	Codemasters
Word Puzzle	4.3	InterServ International	InterServ International
Bloodforge	4.2	Climax Studios	Microsoft Game Studios
Brave: A Warrior's Tale	4.2	Collision Studios	Evolved Games
Cabela's Dangerous Hunts 2009	4.2	FUN Labs	Activision
Clash of the Titans: The Videogame	4.2	Game Republic	Namco Bandai Games
CSI: Crime Scene Investigation: Fatal Conspiracy	4.2	Telltale Games	Ubisoft
G.I. Joe: The Rise of Cobra	4.2	Double Helix Games	Electronic Arts
Star Trek The Video Game	4.2	Digital Extremes	Namco Bandai Games
Venetica	4.2	Deck 13	Rombax Games
Zumba Fitness: Join the Party	4.2	Pipeworks Software, Inc.	Majesco
0 Day Attack on Earth	4.1	Gulti	Square Enix
Cyberball 2072	4.1	Digital Eclipse	Midway
Dragon's Lair	4.1	Digital Leisure	Digital Leisure
Duke Nukem: Manhattan Project	4.1	Sunstorm Interactive	Arush Entertainment
Iron Man 2	4.1	Sega Studios San Francisco	Sega
MotionSports Adrenaline	4.1	Ubisoft Vancouver	Ubisoft
Rapala Tournament Fishing!	4.1	MagicWand	Activision
Rapala's Fishing Frenzy	4.1	FUN Labs	Activision
The Golden Compass	4.1	Shiny Entertainment	Sega
Things on Wheels	4.1	Load Inc.	Focus Home Interactive
Way of the Dogg	4.1	Echo Peak	505 Games
Winter Sports 2: The Next Challenge	4.1	49Games	Conspiracy Entertainment
Altered Beast	4.0	Backbone Entertainment	Sega
Blood Drive	4.0	Sidhe Interactive	Activision
Looney Tunes: Acme Arsenal	4.0	Red Tribe	Warner Bros. Interactive Entertainment
MotionSports	4.0	Ubisoft Milan	Ubisoft
Naval Assault: The Killing Tide	4.0	Artech Studios	505 Games
Prison Break: The Conspiracy	4.0	ZootFly	Deep Silver
Real Steel	4.0	Yuke's	Yuke's
Scourge: Outbreak	4.0	Tragnarion Studios	UFO Interactive
Screwjumper!	4.0	Frozen Codebase	THQ
The Warriors: Street Brawl	4.0	CXTM	Paramount Digital Entertainment
Battle: Los Angeles	3.9	Saber Interactive	Konami
Cabela's Trophy Bucks	3.9	FUN Labs	Activision
Coffeetime Crosswords	3.9	Voltex, Inc.	Konami
Family Guy: Back to the Multiverse	3.9	Heavy Iron Studios	Activision
Onechanbara: Bikini Samurai Squad	3.9	Tamsoft	D3Publisher
Pacific Rim	3.9	Yuke's	Yuke's
R.I.P.D. The Game	3.9	Old School Games	Atlus
The Cursed Crusade	3.9	Kylotonn	Atlus
Wipeout: In the Zone	3.9	Behaviour Interactive	Activision
Attack of the Movies 3D	3.8	Panic Button	Majesco
Battleship (2012)	3.8	Double Helix Games	Activision
DARK (2013)	3.8	Realmforge Studios	Kalypso
Harry Potter and the Deathly Hallows, Part 1	3.8	EA Bright Light	Electronic Arts
Kengo: Legend of the 9	3.8	Genki	Majesco
Orc Attack: Flatulent Rebellion	3.8	Casual Brothers	GameMill Publishing
Pimp My Ride	3.8	Eutechnyx	Activision
Pure Futbol	3.8	Ubisoft Vancouver	Ubisoft
Raven Squad: Operation Hidden Dagger	3.8	Atomic Motion	Evolved Games
Rock Revolution	3.8	Zoe Mode	Konami
Steel Battalion: Heavy Armor	3.8	From Software	Capcom
Teenage Mutant Ninja Turtles: Out of the Shadows	3.8	Red Fly Studio	Activision
Thor: God of Thunder	3.8	Liquid Entertainment	Sega
Vampire Rain	3.8	Artoon	AQ Interactive
Blackwater	3.7	Zombie Studios	505 Games
Deadliest Warrior: Ancient Combat	3.7	Pipeworks Software, Inc.	345 Games
Frogger 2	3.7	Voltex, Inc.	Konami
Hour of Victory	3.7	Nfusion	Midway
Lucha Fury	3.7	Punchers Impact	Mindscape
Quantum Theory	3.7	Tecmo	Tecmo
Rocky and Bullwinkle	3.7	Zen Studios	Microsoft Game Studios
Damnation	3.6	Blue Omega	Codemasters
Deadliest Catch: Sea of Chaos	3.6	Crave	Crave
Double D Dodgeball	3.6	Yuke's	Yuke's
Dream Chronicles	3.6	PlayFirst	Hudson Entertainment
Power Gig: Rise of the SixString	3.6	Seven45 Studios	Seven45 Studios
Crash Time 4: The Syndicate	3.5	Synetic	DTP Entertainment
Dead Space Ignition	3.5	Sumo Digital	Electronic Arts
Enemy Front	3.5	CI Games	CI Games
Fireburst	3.5	exDream	Bigben Interactive
Infernal: Hell's Vengeance	3.5	Metropolis Software	Playlogic
NCIS	3.5	Ubisoft	Ubisoft
Star Raiders (2011)	3.5	Incinerator Games	Atari SA
The History Channel: Battle for the Pacific	3.5	Cauldron Ltd.	Activision
Bomberman Act: Zero	3.4	Hudson	Konami
Destroy All Humans! Path of the Furon	3.4	Sandblast	THQ
Girl Fight	3.4	Kung Fu Factory	Majesco
DreamWorks Megamind: Ultimate Showdown	3.3	THQ Studio Australia	THQ
Farming Simulator 2013	3.3	Giants Software	Focus Home Interactive
Game Party: In Motion	3.3	Farsight Studios	Warner Bros. Interactive Entertainment
MorphX	3.3	Targem Games	505 Games
Disney/Pixar Toy Story Mania!	3.3	Papaya Studio	Disney Interactive Studios
Escape Dead Island	3.2	Fatshark	Deep Silver
Fighters Uncaged	3.2	Ubisoft	Ubisoft
The Expendables 2 Videogame	3.2	ZootFly	Ubisoft
The Walking Dead: Survival Instinct	3.2	Terminal Reality	Activision
Rekoil	3.1	Plastic Piranha	505 Games
ShellShock 2: Blood Trails	3.0	Rebellion	Eidos Interactive
Beat'n Groovy	2.9	Voltex, Inc.	Konami
Jumper: Griffin's Story	2.9	Red Tribe	Brash Entertainment
SCORE International Baja 1000	2.9	Left Field Productions	Activision
Crazy Mouse	2.8	Ultizen Games	Ultizen Games
Rambo: The Video Game	2.8	Teyon	Reef Entertainment
Rogue Warrior	2.8	Rebellion	Bethesda Softworks
Truth or Lies	2.8	Big Ant Studios	THQ
Deca Sports Freedom	2.6	Hudson	Hudson Entertainment
Hulk Hogan's Main Event	2.6	Panic Button	Majesco
AMY	2.5	VectorCell	Lexis Numerique
Hannah Montana: The Movie	2.5	n-Space	Disney Interactive Studios
Leisure Suit Larry: Box Office Bust	2.5	Team17	Funsta
NBA Unrivaled	2.5	A.C.R.O.N.Y.M. Games	Tecmo
Nickelodeon Teenage Mutant Ninja Turtles	2.5	Magic Pockets	Activision
Fast & Furious: Showdown	2.2	Firebrand Games	Activision
Self-Defense Training Camp	2.1	Advanced Mobile Applications Ltd.	Ubisoft
Ride to Hell: Retribution	1.9	Eutechnyx	Deep Silver
Double Dragon II: Wander of the Dragons	1.7	Gravity	CFK
Yaris	1.7	Backbone Entertainment	Backbone Entertainment
