Flipnote Studio	9.3	Nintendo	Nintendo
Grand Theft Auto: Chinatown Wars	9.3	Rockstar Leeds	Rockstar Games
Chrono Trigger	9.2	TOSE	Square Enix
Mario Kart DS	9.1	Nintendo	Nintendo
Advance Wars: Dual Strike	9.0	Intelligent Systems	Nintendo
Mario & Luigi: Bowser's Inside Story	9.0	Alphadream Corporation	Nintendo
The Legend of Zelda: Phantom Hourglass	9.0	Nintendo	Nintendo
Castlevania: Dawn of Sorrow	8.9	Konami	Konami
New Super Mario Bros.	8.9	Nintendo	Nintendo
Meteos	8.8	Q Entertainment	Nintendo
The World Ends with You	8.8	Jupiter Corporation	Square Enix
America's Test Kitchen: Let's Get Cooking	8.7	indieszero	Nintendo
Dragon Quest IX: Sentinels of the Starry Skies	8.7	Level 5	Nintendo
Elite Beat Agents	8.7	iNiS	Nintendo
Pokemon Black Version	8.7	Game Freak	Nintendo
Pokemon HeartGold Version	8.7	Game Freak	Nintendo
Pokemon SoulSilver Version	8.7	Game Freak	Nintendo
Pokemon White Version	8.7	Game Freak	Nintendo
The Legend of Zelda: Spirit Tracks	8.7	Nintendo	Nintendo
Advance Wars: Days of Ruin	8.6	Intelligent Systems	Nintendo
Animal Crossing: Wild World	8.6	Nintendo	Nintendo
Kirby: Canvas Curse	8.6	HAL Labs	Nintendo
Mario & Luigi: Partners in Time	8.6	Alphadream Corporation	Nintendo
Might & Magic: Clash of Heroes	8.6	Capy Games	Ubisoft
Planet Puzzle League	8.6	Intelligent Systems	Nintendo
Professor Layton and the Unwound Future	8.6	Level 5	Nintendo
Castlevania: Order of Ecclesia	8.5	Konami	Konami
Castlevania: Portrait of Ruin	8.5	Konami	Konami
Final Fantasy IV (3D Remake)	8.5	Matrix Software	Square Enix
Metroid Prime: Hunters	8.5	Nintendo Software Technology	Nintendo
Pokemon Diamond Version	8.5	Game Freak	Nintendo
Pokemon Pearl Version	8.5	Game Freak	Nintendo
Professor Layton and the Curious Village	8.5	Level 5	Nintendo
Radiant Historia	8.5	Atlus	Atlus
Shantae: Risky's Revenge	8.5	WayForward	WayForward
Space Invaders Extreme	8.5	Taito Corporation	Square Enix
Super Mario 64	8.5	Nintendo	Nintendo
The Legend of Zelda: Four Swords Anniversary Edition	8.5	GREZZO	Nintendo
Dark Void Zero	8.4	Other Ocean Interactive	Capcom
Dragon Quest V: Hand of the Heavenly Bride	8.4	ArtePiazza	Square Enix
Peggle: Dual Shot	8.4	Q Entertainment	PopCap
Professor Layton and the Diabolical Box	8.4	Level 5	Nintendo
Shin Megami Tensei: Devil Survivor	8.4	Atlus	Atlus
Spotto!	8.4	Intelligent Systems	Nintendo
Tetris DS	8.4	Nintendo	Nintendo
Tony Hawk's American Sk8land	8.4	Vicarious Visions	Activision
Art Style: DIGIDRIVE	8.3	Q-Games	Nintendo
Art Style: PiCTOBiTS	8.3	Nintendo	Nintendo
Bangai-O Spirits	8.3	Treasure	D3Publisher
Bleach: The Blade of Fate	8.3	Treasure	Sega
Clubhouse Games	8.3	Agenda	Nintendo
Contra 4	8.3	WayForward	Konami
Dragon Quest Heroes: Rocket Slime	8.3	TOSE	Square Enix
Dragon Quest Wars	8.3	Intelligent Systems	Square Enix
Ghost Trick: Phantom Detective	8.3	Capcom	Capcom
Inchworm Animation	8.3	Arc System Works	Flat Black Films
Kirby Mass Attack	8.3	HAL Labs	Nintendo
Mighty Flip Champs!	8.3	WayForward	WayForward
Ninja Gaiden: Dragon Sword	8.3	Team Ninja	Tecmo
Nintendogs: Chihuahua & Friends	8.3	Nintendo	Nintendo
Nintendogs: Dachshund & Friends	8.3	Nintendo	Nintendo
Nintendogs: Dalmatian & Friends	8.3	Nintendo	Nintendo
Nintendogs: Lab & Friends	8.3	Nintendo	Nintendo
Picross 3D	8.3	HAL Labs	Nintendo
Picross DS	8.3	Jupiter Corporation	Nintendo
Pokemon Platinum Version	8.3	Game Freak	Nintendo
Professor Layton and the Last Specter	8.3	Level 5	Nintendo
Rhythm Heaven	8.3	Nintendo	Nintendo
Dawn of Discovery	8.2	Blue Byte	Ubisoft
Disgaea: Afternoon of Darkness	8.2	Nippon Ichi Software	Atlus
Etrian Odyssey II: Heroes of Lagaard	8.2	Atlus	Atlus
Henry Hatsworth in the Puzzling Adventure	8.2	EA Tiburon	Electronic Arts
KORG DS-10 Synthesizer	8.2	AQ Interactive	XSEED Games
Lunar Knights	8.2	Kojima Productions	Konami
Mario vs. Donkey Kong: Minis March Again!	8.2	Nintendo	Nintendo
N+	8.2	Slick Entertainment	Microsoft Game Studios
Nine Hours, Nine Persons, Nine Doors	8.2	ChunSoft	Aksys Games
Okamiden	8.2	Capcom	Capcom
Puzzle Quest: Challenge of the Warlords	8.2	1st Playable Productions	D3Publisher
Sonic Rush	8.2	Dimps Corporation	Sega
Space Invaders Extreme 2	8.2	Taito Corporation	Square Enix
Starship Defense	8.2	Q-Games	Nintendo
Viva Pinata: Pocket Paradise	8.2	Rare Ltd.	THQ
WarioWare D.I.Y.	8.2	Intelligent Systems	Nintendo
X-Scape	8.2	Q-Games	Nintendo
Final Fantasy XII: Revenant Wings	8.1	Think and Feel	Square Enix
Fire Emblem: Shadow Dragon	8.1	Intelligent Systems	Nintendo
KORG DS-10 PLUS	8.1	AQ Interactive	XSEED Games
Mighty Milky Way	8.1	WayForward	WayForward
Personal Trainer: Cooking	8.1	indieszero	Nintendo
Phoenix Wright: Ace Attorney	8.1	Capcom	Capcom
Phoenix Wright: Ace Attorney - Trials and Tribulations	8.1	Capcom	Capcom
Plants vs. Zombies	8.1	PopCap	PopCap
Pop Island: Paperfield	8.1	odenis studio	odenis studio
Super Scribblenauts	8.1	5TH Cell	Warner Bros. Interactive Entertainment
Tiger Woods PGA Tour 08	8.1	EA Salt Lake	EA Sports
Trauma Center: Under the Knife	8.1	ITL	Atlus
WarioWare: Touched!	8.1	Intelligent Systems	Nintendo
Worms: Open Warfare 2	8.1	Team17	THQ
Yoshi's Island DS	8.1	Artoon	Nintendo
Age of Empires: The Age of Kings	8.0	Backbone Entertainment	Majesco
Art Style: BOXLIFE	8.0	Nintendo	Nintendo
Dragon Quest IV: Chapters of the Chosen	8.0	ArtePiazza	Square Enix
Final Fantasy Tactics A2: Grimoire of the Rift	8.0	Square Enix	Square Enix
Lego Indiana Jones: The Original Adventures	8.0	Traveller's Tales	LucasArts
Lego Rock Band	8.0	TT Fusion	Warner Bros. Interactive Entertainment
LEGO Star Wars: The Complete Saga	8.0	Traveller's Tales	LucasArts
Lock's Quest	8.0	5TH Cell	THQ
Lufia: Curse of the Sinistrals	8.0	Neverland	Natsume
Ninjatown	8.0	Venan Entertainment	SouthPeak Games
Phineas and Ferb	8.0	Altron	Disney Interactive Studios
Pokemon Black Version 2	8.0	Game Freak	Nintendo
Pokemon Conquest	8.0	Koei Tecmo Games	Nintendo
Pokemon White Version 2	8.0	Game Freak	Nintendo
Shin Megami Tensei: Strange Journey	8.0	Atlus	Atlus
Sid Meier's Civilization Revolution	8.0	Firaxis Games	2K Games
Geometry Wars: Galaxies	7.9	Kuju Entertainment	Sierra Entertainment
Golden Sun: Dark Dawn	7.9	Camelot Software Planning	Nintendo
GRID (2008)	7.9	Codemasters	Codemasters
Mario vs. Donkey Kong: Mini-Land Mayhem	7.9	Nintendo Software Technology	Nintendo
Metroid Prime Pinball	7.9	Fuse Games Limited	Nintendo
Monster Tale	7.9	DreamRift	Majesco
Rock Band 3	7.9	Harmonix Music Systems	MTV Games
Scribblenauts	7.9	5TH Cell	Warner Bros. Interactive Entertainment
Shin Megami Tensei: Devil Survivor 2	7.9	Atlus	Atlus
Sonic Colors	7.9	Sonic Team	Sega
Spider-Man 3	7.9	Treyarch	Activision
The New York Times Crosswords	7.9	BudCat	Majesco
Tony Hawk's Proving Ground	7.9	Neversoft Entertainment	Activision
Trauma Center: Under the Knife 2	7.9	Vanguard	Atlus
Ace Attorney Investigations: Miles Edgeworth	7.8	Capcom	Capcom
Age of Empires: Mythologies	7.8	Griptonite Games	THQ
Alice in Wonderland (2010)	7.8	Etranges Libellules	Disney Interactive Studios
AlphaBounce	7.8	Mad Monkey Studio	Motion Twin
Anno 1701: Dawn of Discovery	7.8	Sunflowers Interactive	Ubisoft
Apollo Justice: Ace Attorney	7.8	Capcom	Capcom
Asphalt 4: Elite Racing	7.8	Gameloft	Gameloft
Big Bang Mini	7.8	Arkedo Studio	SouthPeak Games
Bomberman Land Touch!	7.8	Hudson	Atlus
Broken Sword: Shadow of the Templars	7.8	Revolution Software	Ubisoft
Chibi-Robo! Park Patrol	7.8	Skip Ltd.	Nintendo
Chronicles of Mystery: The Secret Tree of Life	7.8	City Interactive	City Interactive
Dragon Ball: Origins	7.8	Game Republic	Atari SA
Dragon Quest VI: Realms of Revelation	7.8	ArtePiazza	Nintendo
Flight Control	7.8	Firemint Pty Ltd	Firemint Pty Ltd
Hotel Dusk: Room 215	7.8	Cing	Nintendo
Mega Man Zero Collection	7.8	Inti Creates	Capcom
Mega Man ZX Advent	7.8	Inti Creates	Capcom
Robocalypse	7.8	Vogster	Tecmo
Rune Factory: A Fantasy Harvest Moon	7.8	Neverland	Natsume
Sonic & Sega All-Stars Racing	7.8	Sumo Digital	Sega
Sonic Rush Adventure	7.8	Dimps Corporation	Sega
Soul Bubbles	7.8	Mekensleep	Eidos Interactive
Soul of Darkness	7.8	Gameloft	Gameloft
Ultimate Spider-Man (2005)	7.8	Vicarious Visions	Activision
Art Style: BASE 10	7.7	Skip Ltd.	Nintendo
Bejeweled Twist	7.7	PopCap	PopCap
Brain Age 2: More Training in Minutes a Day	7.7	Nintendo	Nintendo
Brain Age: Train Your Brain in Minutes a Day!	7.7	Nintendo	Nintendo
DK: Jungle Climber	7.7	Paon Corporation	Nintendo
DodoGo!	7.7	Alien After All	Neko Entertainment
Dragon Quest Monsters: Joker 2	7.7	TOSE	Nintendo
Etrian Odyssey III: The Drowned City	7.7	Atlus	Atlus
FIFA 08 Soccer	7.7	EA Canada	EA Sports
Final Fantasy Crystal Chronicles: Ring of Fates	7.7	Square Enix	Square Enix
Final Fantasy III (3D Remake)	7.7	Matrix Software	Square Enix
Harvest Moon DS: Sunshine Islands	7.7	Marvelous Entertainment	Natsume
Number Battle	7.7	Nintendo	Nintendo
Pop Island	7.7	odenis studio	odenis studio
Retro Game Challenge	7.7	indieszero	XSEED Games
Rune Factory 2: A Fantasy Harvest Moon	7.7	Neverland	Natsume
Rune Factory 3: A Fantasy Harvest Moon	7.7	Neverland	Natsume
Spider-Man: Web of Shadows	7.7	Shaba Games	Activision
TrackMania Turbo (2011)	7.7	Firebrand Games	City Interactive
Trajectile	7.7	Q-Games	Nintendo
WordJong	7.7	Magellan Interactive	Destineer
AiRace	7.6	NoWay Studio	QubicGames
Aliens: Infestation	7.6	WayForward	Sega
Antipole (2011)	7.6	Saturnine Games	Saturnine Games
Chronos Twins	7.6	EnjoyUp Games	EnjoyUp Games
Dr. Mario Express	7.6	Arika	Nintendo
Flametail	7.6	Mindware	Nintendo
Kirby Super Star Ultra	7.6	HAL Labs	Nintendo
Knights in the Nightmare	7.6	Sting	Atlus
Konami Classics Series: Arcade Hits	7.6	M2	Konami
Mario & Sonic at the Olympic Winter Games	7.6	Sega Sports R&D	Sega
Mario vs. Donkey Kong 2: March of the Minis	7.6	Nintendo Software Technology	Nintendo
Mechanic Master	7.6	Most Wanted Entertainment	Midway
Mega Man ZX	7.6	Inti Creates	Capcom
Phoenix Wright: Ace Attorney - Justice for All	7.6	Capcom	Capcom
Puyo Pop Fever	7.6	Sonic Team	Atlus
Race Driver: Create & Race	7.6	Firebrand Games	Codemasters
Solatorobo: Red the Hunter	7.6	CyberConnect2	XSEED Games
Star Fox Command	7.6	Q-Games	Nintendo
Suikoden Tierkreis	7.6	Konami	Konami
Tetris Party Deluxe	7.6	Tetris Online, Inc	Majesco
Tony Hawk's Downhill Jam	7.6	Toys for Bob	Activision
TouchMaster 2	7.6	Midway Studios - San Diego	Midway
Yu-Gi-Oh! World Championship 2007	7.6	Konami	Konami
Art Academy	7.5	Headstrong Games	Nintendo
Bejeweled 3	7.5	PopCap	PopCap
Bomberman (2005)	7.5	Racjin	Ubisoft
Call of Duty 4: Modern Warfare	7.5	Infinity Ward	Activision
Call of Duty: World at War	7.5	Treyarch	Activision
de Blob 2	7.5	Blue Tongue Entertainment	THQ
Dementium II	7.5	Renegade Kid	SouthPeak Games
Dragon Quest Monsters: Joker	7.5	TOSE	Square Enix
Elebits: The Adventures of Kai and Zero	7.5	Konami	Konami
Etrian Odyssey	7.5	Atlus	Atlus
Feel the Magic: XY/XX	7.5	Sonic Team	Sega
FIFA 06: Road to FIFA World Cup	7.5	EA Canada	EA Sports
Final Fantasy Crystal Chronicles: Echoes of Time	7.5	Square Enix	Square Enix
Final Fantasy Fables: Chocobo Tales	7.5	h.a.n.d. Inc.	Square Enix
Infinite Space	7.5	PlatinumGames	Sega
Kingdom Hearts 358/2 Days	7.5	h.a.n.d. Inc.	Square Enix
Monster Lab	7.5	Backbone Entertainment	Eidos Interactive
Nanostray 2	7.5	Shin'en	Majesco
Bust-A-Move DS	7.5	Happy Happening	Majesco
Puzzle Quest: Galactrix	7.5	Infinite Interactive	D3Publisher
Speed Racer	7.5	Sidhe Interactive	Warner Bros. Interactive Entertainment
Super Princess Peach	7.5	TOSE	Nintendo
The Legendary Starfy	7.5	TOSE	Nintendo
The Tale of Despereaux	7.5	Brash Entertainment	Universal Pictures Digital Platforms Group
TrackMania DS	7.5	Firebrand Games	Atlus
WWE SmackDown vs. Raw 2010	7.5	Yuke's	THQ
Zubo	7.5	EA Bright Light	Electronic Arts
Zuma's Revenge!	7.5	PopCap	PopCap
99Bullets	7.4	EnjoyUp Games	EnjoyUp Games
Batman: The Brave and the Bold - The Videogame	7.4	WayForward	Warner Bros. Interactive Entertainment
Big Brain Academy	7.4	Nintendo	Nintendo
Bomberman Land Touch! 2	7.4	Hudson Soft	Hudson Entertainment
Call of Duty: Black Ops	7.4	Treyarch	Activision
Custom Robo Arena	7.4	Noise Inc.	Nintendo
Drone Tactics	7.4	Success	Atlus
Inazuma Eleven	7.4	Level 5	Level 5
Inazuma Eleven 2: Blizzard	7.4	Level 5	Level 5
Inazuma Eleven 2: Firestorm	7.4	Level 5	Level 5
Meteos: Disney Magic	7.4	Q Entertainment	Buena Vista Games
Need for Speed: ProStreet	7.4	EA Black Box	EA Games
Pinball Pulse: The Ancients Beckon	7.4	Fuse Games Limited	Nintendo
Pokemon Trozei!	7.4	Genius Sonority Inc.	Nintendo
Primrose	7.4	Sabarasa Entertainment	Sabarasa Entertainment
Puzzle Quest 2	7.4	Infinite Interactive	D3Publisher
Sonic Chronicles: The Dark Brotherhood	7.4	BioWare	Sega
Spin Six	7.4	Zener Works	Nintendo
Tetris Party Live	7.4	Hudson Soft	Tetris Online, Inc
Valkyrie Profile: Covenant of the Plume	7.4	Tri-Ace	Square Enix
Zoo Keeper	7.4	Buddiez, Inc.	Ignition Entertainment
Zoonies - Escape From Makatu	7.4	Kiloo	Kiloo
Call of Duty: Modern Warfare - Mobilized	7.3	n-Space	Activision
Contact (2006)	7.3	Grasshopper Manufacture	Atlus
Crash of the Titans	7.3	Radical Entertainment	Sierra Entertainment
DiRT 2	7.3	Codemasters	Codemasters
Dragon Ball Z: Attack of the Saiyans	7.3	Monolith Soft	Namco Bandai Games
Drawn to Life	7.3	5TH Cell	THQ
Drift Street International	7.3	Tantalus	Tantalus
Glory Days 2	7.3	odenis studio	Eidos Interactive
DreamWorks Kung Fu Panda: Legendary Warriors	7.3	Artificial Mind and Movement	Activision
Link 'n' Launch	7.3	Intelligent Systems	Nintendo
Luminous Arc 2	7.3	Imageepoch	Atlus
Moto Racer DS	7.3	Artefacts Studio	SouthPeak Games
Mr. Driller: Drill till you Drop	7.3	Namco Bandai Games	Namco Bandai Games
New International Track & Field	7.3	Sumo Digital	Konami
Polarium	7.3	Mitchell	Nintendo
Prism: Light the Way	7.3	Game Sauce	Eidos Interactive
Puchi Puchi Virus	7.3	Keys Factory	NIS America
Spider-Man: Shattered Dimensions (2010)	7.3	Griptonite Games	Activision
Star Wars Episode III: Revenge of the Sith	7.3	Double Helix Games	LucasArts
Style Savvy	7.3	syn Sophia	Nintendo
Summon Night: Twin Age	7.3	Flight-Plan	Atlus
Super Robot Taisen OG Saga: Endless Frontier	7.3	Monolith Soft	Atlus
The Sims 3	7.3	The Sims Studio	Electronic Arts
Ultimate Mortal Kombat	7.3	Other Ocean Interactive	Midway
Viewtiful Joe: Double Trouble!	7.3	Clover Studio	Capcom
Viking Invasion	7.3	BiP Media	BiP Media
Yoshi Touch & Go	7.3	Nintendo	Nintendo
Yu-Gi-Oh! 5D's Stardust Accelerator: World Championship 2009	7.3	Konami	Konami
Yu-Gi-Oh! Nightmare Troubadour	7.3	Konami	Konami
AiRace: Tunnel	7.2	NoWay Studio	QubicGames
Bionicle Heroes	7.2	Traveller's Tales	Eidos Interactive
Boing! Docomodake DS	7.2	Suzak	Ignition Entertainment
Brain Buster: Puzzle Pak	7.2	Suzak	Agetec
Brothers In Arms DS	7.2	Gameloft	Ubisoft
Color Cross	7.2	Rising Star Games	Zoo Games
Dementium: The Ward	7.2	Renegade Kid	Gamecock Media Group
DodoGo! Robo	7.2	Alien After All	Neko Entertainment
Drawn to Life: The Next Chapter	7.2	Planet Moon Studios	THQ
FIFA 07 Soccer	7.2	EA Sports	EA Sports
Front Mission	7.2	Square Enix	Square Enix
Go! Go! Kokopolo	7.2	Tanukii Studios	Room 4 Games Limited
Guitar Hero: On Tour Decades	7.2	Vicarious Visions	Activision
Jake Hunter: Memories of the Past	7.2	WorkJam	Aksys Games
Jam Sessions	7.2	Plato	Ubisoft
Juiced 2: Hot Import Nights	7.2	Juice Games	THQ
LEGO Batman: The Videogame	7.2	Traveller's Tales	Warner Bros. Interactive Entertainment
LEGO Harry Potter: Years 1-4	7.2	Traveller's Tales	Warner Bros. Interactive Entertainment
Mario Party DS	7.2	Hudson Soft	Nintendo
Nostalgia (2009)	7.2	Matrix Software	Ignition Entertainment
Open Season	7.2	Ubisoft	Ubisoft
Pac 'n Roll	7.2	Namco	Namco
Pop Cutie! Street Fashion Simulation	7.2	Koei	Koei
Skate It	7.2	Electronic Arts	Electronic Arts
Spaceball: Revolution	7.2	Virtual Toys	Virtual Toys
Theme Park	7.2	EA Japan Studio	EA Games
Yu-Gi-Oh! 5D's World Championship 2010: Reverse of Arcadia	7.2	Konami	Konami
Avalon Code	7.1	Matrix Software	XSEED Games
Bird & Beans	7.1	Nintendo	Nintendo
Bookworm	7.1	PopCap	PopCap
Car Jack Streets	7.1	Tag Games	Tag Games
Digimon World DS	7.1	Bec	Namco Bandai Games
Disney's Herbie: Rescue Rally	7.1	Climax Studios	Buena Vista Games
Divergent Shift	7.1	Intrinsic Games	Konami
Don King Boxing	7.1	2K Shanghai	2K Sports
Draglade	7.1	Dimps Corporation	Atlus
DreamWorks Kung Fu Panda (2008)	7.1	Vicarious Visions	Activision
Electroplankton	7.1	indieszero	Nintendo
FIFA World Cup: Germany 2006	7.1	EA Canada	Electronic Arts
Final Fantasy: The 4 Heroes of Light	7.1	Matrix Software	Square Enix
Guitar Hero: On Tour	7.1	Vicarious Visions	Activision
Kirby: Squeak Squad	7.1	Flagship	Nintendo
Madden NFL 08	7.1	EA Tiburon	EA Sports
Moon (2009)	7.1	Renegade Kid	Mastiff
My Word Coach	7.1	Ubisoft	Ubisoft
Nanostray	7.1	Shin'en	Majesco
Ontamarama	7.1	Noise Factory	Atlus
Over the Hedge	7.1	Vicarious Visions	Activision
Pac-Pix	7.1	Namco	Namco
Phantasy Star Zero	7.1	Sonic Team	Sega
Pipe Mania	7.1	Razorworks	Empire Interactive
Princess Debut	7.1	Cave	Natsume
Puzzle Expedition	7.1	MumboJumbo	MumboJumbo
Puzzler Collection	7.1	Route 1 Games	Zoo Digital Publishing
Resident Evil: Deadly Silence	7.1	Capcom	Capcom
Save the Turtles	7.1	Sabarasa Entertainment	Sabarasa Entertainment
Secret Files: Tunguska	7.1	Fusionsphere Systems	The Adventure Company
Space Bust-A-Move	7.1	Taito Corporation	Square Enix
SteamWorld Tower Defense	7.1	Image & Form	Image & Form
Super Collapse! 3	7.1	MacPlay	MumboJumbo
TouchMaster	7.1	Midway Studios - San Diego	Midway
100 Classic Books	7.0	Genius Sonority Inc.	Nintendo
Art Style: AQUIA	7.0	Skip Ltd.	Nintendo
Atelier Annie: Alchemists of Sera Island	7.0	Gust	NIS America
Beat City	7.0	Universomo	THQ
Blood Stone: 007	7.0	Bizarre Creations	Activision
Cooking Mama 2: Dinner With Friends	7.0	Office Create	Majesco
Dairojo! Samurai Defenders	7.0	Abylight	Abylight
Disney's Kim Possible: Global Gemini	7.0	Artificial Mind and Movement	Buena Vista Games
Dragon Ball: Origins 2	7.0	Game Republic	Namco Bandai Games
Ferrari GT: Evolution	7.0	Gameloft	Gameloft
Fossil Fighters	7.0	RED Entertainment	Nintendo
Garfield's Nightmare	7.0	Shin'en	The Game Factory
Guinness World Records: The Videogame	7.0	TT Fusion	Warner Bros. Interactive Entertainment
Guitar Hero On Tour: Modern Hits	7.0	Activision	Activision
Gunpey DS	7.0	Q Entertainment	Namco Bandai Games
Luminous Arc	7.0	Imageepoch	Atlus
Madden NFL 07	7.0	EA Tiburon	EA Sports
Mario & Sonic at the Olympic Games	7.0	Sega Sports R&D	Sega
May's Mysteries: The Secret of Dragonville	7.0	V5 Play Studio	Red Wagon Games
MLB Power Pros 2008	7.0	Konami	2K Sports
Monster Racers	7.0	Koei	UFO Interactive
Mr. Driller: Drill Spirits	7.0	Namco	Namco
Need for Speed: Carbon	7.0	EA Canada	EA Games
Need for Speed: Nitro	7.0	EA Montreal	EA Games
Neopets Puzzle Adventure	7.0	Infinite Interactive	Capcom
Nervous Brickdown	7.0	Arkedo Studio	Eidos Interactive
Neves	7.0	Yuke's	Yuke's
Photo Dojo	7.0	Nintendo	Nintendo
Rabbids Go Home	7.0	Ubisoft Montpellier	Ubisoft
Real Soccer 2009	7.0	Gameloft	Ubisoft
Scurge: Hive	7.0	Orbital Media, Inc.	SouthPeak Games
Secret Files 2: Puritas Cordis	7.0	Animation Arts	Deep Silver
DreamWorks Shrek the Third	7.0	7 Studios	Activision
SimAnimals	7.0	Electronic Arts	Electronic Arts
Sonic Classic Collection	7.0	Creative Assembly	Sega
Spectrobes: Beyond the Portals	7.0	Jupiter Corporation	Disney Interactive Studios
The Legend of Kage 2	7.0	Taito Corporation	Square Enix
The Sims 2	7.0	Maxis	EA Games
Tomb Raider: Underworld	7.0	Crystal Dynamics	Eidos Interactive
Trace Memory	7.0	Cing	Nintendo
3D Mahjong	6.9	Cosmigo	Cosmigo
Assassin's Creed II: Discovery	6.9	Griptonite Games	Ubisoft
Blue Dragon Plus	6.9	Brownie Brown	Ignition Entertainment
Brain Age Express: Math	6.9	Nintendo	Nintendo
Dawn of Heroes	6.9	Wicked Studios	Majesco
Disney/Pixar Cars Mater-National Championship	6.9	Rainbow Studios	THQ
Ducati Moto	6.9	4J Studios	Vir2L Studios
GO Series: Earth Saver	6.9	Tom Create	Gamebridge
Earthworm Jim	6.9	Game Titan	Majesco
Frogger Helmet Chaos	6.9	Konami Computer Entertainment Hawaii	Konami
Glory of Heracles	6.9	Paon Corporation	Nintendo
Ivy the Kiwi?	6.9	Prope	XSEED Games
LEGO Harry Potter: Years 5-7	6.9	Traveller's Tales	Warner Bros. Interactive Entertainment
LEGO Pirates of the Caribbean: The Video Game	6.9	Traveller's Tales	Disney Interactive Studios
Lost in Blue	6.9	Konami Computer Entertainment Hawaii	Konami
Magical Starsign	6.9	Brownie Brown	Nintendo
Magician's Quest: Mysterious Times	6.9	Aquria	Konami
Mario Hoops: 3 on 3	6.9	Square Enix	Nintendo
Master of Illusion	6.9	Eighting	Nintendo
Mystery Dungeon: Shiren the Wanderer	6.9	ChunSoft	Sega
Personal Trainer: Walking	6.9	Creatures Inc.	Nintendo
Pokemon Ranger	6.9	HAL Labs	Nintendo
Rondo of Swords	6.9	Success	Atlus
SimCity Creator	6.9	Electronic Arts	EA Games
SimCity DS	6.9	Aki Corp.	Electronic Arts
Surviving High School	6.9	Electronic Arts	Electronic Arts
The Dark Spire	6.9	Success	Atlus
The Last Airbender	6.9	THQ	THQ
The Simpsons Game	6.9	EA Redwood Shores	EA Games
Transformers Animated: The Game	6.9	Artificial Mind and Movement	Activision
Ultimate Band	6.9	Disney Interactive Studios	Disney Interactive Studios
Amoebattle	6.8	Grab Games	Grab Games
Brain Challenge	6.8	Gameloft	Microsoft Game Studios
Break 'Em All	6.8	Warashi	D3Publisher
Cate West: The Vanishing Files	6.8	Destineer	Destineer
Crazy Hamster	6.8	Teyon	Gamelion Studios
Digimon World: Dawn	6.8	Bec	Namco Bandai Games
Drawn to Life: SpongeBob SquarePants Edition	6.8	Altron	THQ
Fossil Fighters: Champions	6.8	RED Entertainment	Nintendo
Frenzic	6.8	Two Tribes	Two Tribes
Glory Days: Tactical Defense	6.8	odenis studio	odenis studio
Hands On! Tangrams	6.8	Island Officials	Storm City Games
Harry Potter and the Goblet of Fire	6.8	Electronic Arts	Electronic Arts
Harvest Moon DS: Grand Bazaar	6.8	Marvelous Entertainment	Natsume
Harvest Moon: The Tale of Two Towns	6.8	Marvelous Entertainment	Natsume
Hello Flowerz	6.8	Enjoy Gaming	Enjoy Gaming
Horse Life	6.8	Neko Entertainment	D3Publisher
Jewel Quest: Expeditions	6.8	Elephant Games	Activision Value
Little Red Riding Hood's Zombie BBQ	6.8	EnjoyUp Games	Destineer
Lost Magic	6.8	Taito Corporation	Ubisoft
Madden NFL 2005	6.8	EA Tiburon	EA Sports
Magnetica	6.8	Mitchell	Nintendo
Mega Man Battle Network 5: Double Team DS	6.8	Capcom	Capcom
Orcs & Elves	6.8	Fountainhead Entertainment	Electronic Arts
Pokemon Ranger: Guardian Signs	6.8	Creatures Inc.	Nintendo
Pokemon Ranger: Shadows of Almia	6.8	Creatures Inc.	Nintendo
QuickSpot (2006)	6.8	Namco	Namco Bandai Games
Roogoo Attack	6.8	SpiderMonk	SouthPeak Games
Spider-Man: Battle for New York	6.8	Torus Games	Activision
Star Wars The Clone Wars: Lightsaber Duels	6.8	Krome Studios	LucasArts
The Legend of Spyro: A New Beginning	6.8	Krome Studios	Sierra Entertainment
The Rub Rabbits!	6.8	Sonic Team	Sega
The Wizard of Oz: Beyond the Yellow Brick Road	6.8	Media.Vision	XSEED Games
TouchMaster 3	6.8	Hijinx Studios	Warner Bros. Interactive Entertainment
Treasure World	6.8	Aspyr	Aspyr
XG Blast!	6.8	Next Wave Team	UFO Interactive
Zendoku	6.8	Zoonami Ltd.	Eidos Interactive
Cooking Mama	6.7	Office Create	Majesco
Crazy Golf	6.7	Cranberry Production	DTP Entertainment
CrossworDS	6.7	Nuevo Retro Games	Nintendo
Digimon World: Dusk	6.7	Bec	Namco Bandai Games
Dracula: Undead Awakening	6.7	Chillingo	Chillingo
Harvest Moon DS	6.7	TOSE	Natsume
Looney Tunes: Cartoon Conductor	6.7	Amaze Entertainment	Eidos Interactive
My World, My Way	6.7	Global A	Atlus
MySims Racing	6.7	EA Games	EA Games
Panzer Tactics DS	6.7	Sproing	Conspiracy Entertainment
Pony Friends	6.7	Tantalus	Eidos Interactive
Purr Pals	6.7	Brain Toys	Crave
Rhapsody: A Musical Adventure	6.7	Nippon Ichi Software	NIS America
SpongeBob Squarepants: The Yellow Avenger	6.7	Tantalus	THQ
Supermarket Mania	6.7	G5 Entertainment	G5 Entertainment
Teenage Zombies: Invasion of the Alien Brain Thingys	6.7	InLight Entertainment	Ignition Entertainment
The Urbz: Sims in the City	6.7	Maxis	EA Games
Touch Detective 2 1/2	6.7	BeeWorks	Atlus
Transformers: The Game	6.7	Traveller's Tales	Activision
World Championship Poker: Deluxe Series	6.7	Coresoft	Crave
Ys Book I & II	6.7	Interchannel-Holon	Atlus
Air Traffic Chaos	6.6	Sonic Powered	Majesco
Cut the Rope	6.6	ZeptoLab	Chillingo
Disney Pirates of the Caribbean: At World's End	6.6	Eurocom	Disney Interactive Studios
Disney Presents a Pixar Film Finding Nemo: Escape to the Big Blue	6.6	Altron	THQ
Disney's A Christmas Carol	6.6	Sumo Digital	Disney Interactive Studios
Disney's Chicken Little: Ace in Action	6.6	DC Studios	Buena Vista Games
DJ Star	6.6	Game Life	Deep Silver
Dragon Ball Z: Supersonic Warriors 2	6.6	Arc System Works	Atari SA
DropCast	6.6	Mikoishi	THQ
Harvest Moon DS Cute	6.6	Marvelous Entertainment	Natsume
Heroes of Mana	6.6	Brownie Brown	Square Enix
High School Musical: Sing It!	6.6	Artificial Mind and Movement	Disney Interactive Studios
Izuna: Legend of the Unemployed Ninja	6.6	Ninja Studio	Atlus
Jam Sessions 2	6.6	Plato	Ubisoft
Kingdom Hearts Re:coded	6.6	Square Enix	Square Enix
LEGO Star Wars III: The Clone Wars	6.6	Traveller's Tales	LucasArts
Looney Tunes: Duck Amuck	6.6	WayForward	Warner Bros. Interactive Entertainment
DreamWorks Madagascar	6.6	Toys for Bob	Activision
Madden NFL 06	6.6	EA Tiburon	EA Sports
MechAssault: Phantom War	6.6	Backbone Entertainment	Majesco
My Frogger: Toy Trials	6.6	Konami	Konami
Point Blank DS	6.6	TOSE	Namco Bandai Games
Prey the Stars	6.6	Koei Canada	Koei
Rubik's World	6.6	Two Tribes	The Game Factory
Tak: The Great Juju Challenge	6.6	Avalanche Software	THQ
Tamagotchi Connection: Corner Shop 2	6.6	NanaOn-Sha	Namco Bandai Games
Tecmo Bowl: Kickoff	6.6	Polygon Magic	Tecmo
The Sims 2: Castaway	6.6	Maxis	Electronic Arts
Thorium Wars	6.6	Big John Games	Big John Games
True Swing Golf	6.6	T&E Soft	Nintendo
Unsolved Crimes	6.6	Now Production	Atari SA
Yu-Gi-Oh! GX: Spirit Caller	6.6	Konami	Konami
007: Quantum of Solace (Nintendo DS)	6.5	Vicarious Visions	Activision
Art Style: ZENGAGE	6.5	Nintendo	Nintendo
Avatar: The Last Airbender - Into the Inferno	6.5	THQ Studio Australia	THQ
Away: Shuffle Dungeon	6.5	Artoon	Majesco
Band Hero	6.5	Neversoft Entertainment	Activision
Beyblade: Metal Masters	6.5	Amble	Konami
Challenge Me: Brain Puzzles	6.5	Oxygen Interactive	Oxygen Interactive
Children of Mana	6.5	Nex Entertainment	Nintendo
Cookie & Cream	6.5	Hi Corp	Agetec
Cooking Mama 3: Shop & Chop	6.5	Office Create	Majesco
Crayola Treasure Adventures	6.5	DC Studios	Crave
Dig Dug: Digging Strike	6.5	Bullets	Namco
Ferrari Challenge Trofeo Pirelli	6.5	Eutechnyx	Activision
Fossil League: Dino Tournament Championship	6.5	MTO	D3Publisher
Harvest Moon DS: Island of Happiness	6.5	TOSE	Natsume
Izuna 2: The Unemployed Ninja Returns	6.5	Ninja Studio	Atlus
LEGO Battles	6.5	Hellbent Games	Warner Bros. Interactive Entertainment
Marvel: Ultimate Alliance 2	6.5	Vicarious Visions	Activision
Mystery Case Files: MillionHeir	6.5	Griptonite Games	Nintendo
Need for Speed: Underground 2	6.5	EA Canada	Electronic Arts
Operation: Vietnam	6.5	Coyote Console	Majesco
Sega Superstars Tennis	6.5	Sumo Digital	Sega
Spore Creatures	6.5	Griptonite Games	EA Games
Super Dodgeball Brawlers	6.5	Million	Aksys Games
The Chronicles of Narnia: The Lion, The Witch and The Wardrobe	6.5	Traveller's Tales	Buena Vista Games
The Hardy Boys: Treasure on the Tracks	6.5	Her Interactive	Sega
Top Spin 3	6.5	Pam Development	2K Sports
99Seconds	6.4	EnjoyUp Games	EnjoyUp Games
Avatar: The Last Airbender	6.4	AWE Games	THQ
Avatar: The Last Airbender - The Burning Earth	6.4	THQ	THQ
Battles of Prince of Persia	6.4	Ubisoft Montreal	Ubisoft
Commando: Steel Disaster	6.4	Mana Comp. Soft.	XS Games
Diner Dash	6.4	Climax Studios	Eidos Interactive
Disney's Meet the Robinsons (Nintendo DS)	6.4	Altron	Buena Vista Games
Escape the Virus: Swarm Survival	6.4	Fun Unit Inc	Teyon
Exit DS	6.4	Moss	Square Enix
GoldenEye 007 (2010)	6.4	Eurocom	Activision
Michael Jackson The Experience	6.4	Ubisoft Montpellier	Ubisoft
MySims Party	6.4	EA Games	EA Games
Nancy Drew: The Deadly Secret of Olde World Park	6.4	Gorilla Systems	Majesco
Naruto Shippuden: Naruto vs. Sasuke	6.4	Takara Tomy	Tomy Corporation
Prince of Persia: The Fallen King	6.4	Ubisoft	Ubisoft
Puzzle Kingdoms	6.4	Infinite Interactive	Zoo Games
Ratatouille	6.4	Helixe	THQ
Runaway: The Dream of the Turtle	6.4	Pendulo Studios	Focus Home Interactive
SpongeBob's Atlantis SquarePantis	6.4	Altron	THQ
Thor: God of Thunder	6.4	Liquid Entertainment	Sega
Tiger Woods PGA Tour 2005	6.4	EA Sports	EA Sports
Time Hollow	6.4	Tenky	Konami
Touch Darts	6.4	Full Fat	Agetec
Transformers: Revenge of the Fallen The Mobile Game	6.4	Luxoflux, Inc.	Activision
Worms: Open Warfare	6.4	Team17	Team17
Blue Dragon: Awakened Shadow	6.3	Tri-Crescendo	D3Publisher
Code Lyoko	6.3	DC Studios	The Game Factory
Cradle of Rome	6.3	Cerasus Media	D3Publisher
Diddy Kong Racing DS	6.3	Rare Ltd.	Nintendo
Dragonology	6.3	Razorback Developments	Codemasters
Dragon's Lair	6.3	Digital Leisure	Digital Leisure
Eragon	6.3	Stormfront Studios	Sierra Entertainment
FIFA Soccer 11	6.3	EA Sports	Electronic Arts
Flipper (2010)	6.3	Goodbye Galaxy Games	Xform
My Weight Loss Coach	6.3	Ubisoft Montreal	Ubisoft
Personal Trainer: Math	6.3	Jupiter Corporation	Nintendo
Pirates of the Caribbean: Dead Man's Chest	6.3	Griptonite Games	Buena Vista Games
Real Crimes: Jack the Ripper	6.3	Virtual Playground	Virtual Playground
Ridge Racer DS	6.3	Nintendo Software Technology	Namco
Sands of Destruction	6.3	Imageepoch	Sega
SBK: Snowboard Kids	6.3	Racjin	Atlus
Shaun White Snowboarding	6.3	Ubisoft Montreal	Ubisoft
Spectrobes	6.3	Jupiter Corporation	Buena Vista Games
Star Trek: Tactical Assault	6.3	Quicksilver Software	Bethesda Softworks
Super Monkey Ball: Touch & Roll	6.3	Sega	Sega
The Biggest Loser	6.3	Blitz Games	THQ
Winning Eleven: Pro Evolution Soccer 2007	6.3	KCET	Konami
Abyss (2012)	6.2	EnjoyUp Games	EnjoyUp Games
Balls of Fury	6.2	Black Lantern Studios	DSI Games
Foto Frenzy: Spot the Difference	6.2	Sanuk Games	Storm City Games
Hero's Saga Laevatein Tactics	6.2	GungHo	Aksys Games
Metal Torrent	6.2	Arika	Nintendo
Micro Machines V4	6.2	Supersonic Software	Codemasters
Monster House	6.2	Artificial Mind and Movement	THQ
Naruto: Path of the Ninja 2	6.2	TOSE	Tomy Corporation
New Zealand Story Revolution	6.2	Marvelous Entertainment	Ignition Entertainment
Pogo Island	6.2	EA Canada	EA Games
Pokemon Mystery Dungeon: Blue Rescue Team	6.2	ChunSoft	Nintendo
Sudoku Gridmaster	6.2	AI	Nintendo
Transformers: War for Cybertron	6.2	High Moon Studios	Activision
Travel Games for Dummies	6.2	Electronic Arts	Electronic Arts
WireWay	6.2	Now Production	Konami
Arkanoid DS	6.1	Taito Corporation	Square Enix
Arthur and the Invisibles	6.1	Etranges Libellules	Atari SA
Build-A-Bear Workshop: A Friend Fur All Seasons	6.1	Neko Entertainment	The Game Factory
Nickelodeon Danny Phantom: Urban Jungle	6.1	Altron	THQ
Dinosaur King	6.1	Climax Entertainment	Sega
Disney Hannah Montana: Music Jam	6.1	Gorilla Games	Disney Interactive Studios
Disney's Kim Possible: Kimmunicator	6.1	Artificial Mind and Movement	Buena Vista Games
Elite Forces: Unit 77	6.1	Gammick Entertainment	Deep Silver
Fullmetal Alchemist: Trading Card Game	6.1	Magellan Interactive	Destineer
Honeycomb Beat	6.1	Hudson	Hudson
Impossible Mission	6.1	System 3	Codemasters
Jagged Alliance	6.1	Cypron Studios	Empire Interactive
Jewel Master: Cradle of Egypt 2	6.1	Cerasus Media	Rising Star Games
LifeSigns: Surgical Unit	6.1	Spike	DreamCatcher Interactive
Little League World Series Baseball 2008	6.1	Now Production	Activision
Marvel Super Hero Squad	6.1	Blue Tongue Entertainment	THQ
Marvel Trading Card Game	6.1	Vicious Cycle	Konami
Mini Ninjas	6.1	Io Interactive	Eidos Interactive
MX vs. ATV Untamed	6.1	Rainbow Studios	THQ
Naruto: Ninja Destiny	6.1	DreamFactory	D3Publisher
PictoImage	6.1	Skonec	Sega
Sega Casino	6.1	TOSE	Sega
Spider-Man 2 (2004)	6.1	Vicarious Visions	Activision
Star Wars Battlefront: Elite Squadron	6.1	Savage Entertainment	LucasArts
Star Wars: The Force Unleashed	6.1	LucasArts	LucasArts
The Lord of the Rings: Conquest	6.1	Pandemic Studios	Electronic Arts
The Lost Town: The Dust	6.1	None	CIRCLE Entertainment
Theresia	6.1	WorkJam	Aksys Games
WWE SmackDown vs. Raw 2008	6.1	Yuke's	THQ
7 Wonders II	6.0	MumboJumbo	Avanquest Software
7 Wonders of the Ancient World	6.0	Hot Lava Games	MumboJumbo
Asphalt: Urban GT	6.0	Gameloft	Gameloft
Bakugan Battle Brawlers	6.0	Now Production	Activision
Bermuda Triangle: Saving the Coral	6.0	Storm City Games	Storm City Games
Charlotte's Web	6.0	Backbone Entertainment	Sega
Dokapon Journey	6.0	Suzak	Atlus
DreamWorks How to Train Your Dragon	6.0	Etranges Libellules	Activision
Dungeon Explorer: Warriors of Ancient Arts	6.0	Hudson Soft	Hudson Entertainment
EA Playground	6.0	EA Canada	Electronic Arts
Fire Panic	6.0	Yullaby	Playtainment
Flipper Critters	6.0	Zen Studios	Ignition Entertainment
Gardening Mama	6.0	Office Create	Majesco
Go, Diego, Go!: Safari Rescue	6.0	Black Lantern Studios	2K Play
Guilty Gear Dust Strikers	6.0	Arc System Works	Majesco
Guitar Rock Tour	6.0	Ubisoft	Ubisoft
Konductra	6.0	oeFun	O3 Entertainment
Mega Man Star Force: Dragon	6.0	Capcom	Capcom
Mega Man Star Force: Pegasus	6.0	Capcom	Capcom
Miss Spider's Sunny Patch Friends: Harvest Time Hop and Fly	6.0	Shin'en	The Game Factory
My DoItAll	6.0	Rocket Studio	Tomy Corporation
My Pet Shop	6.0	Taito Corporation	Square Enix
MySims Agents	6.0	Electronic Arts	Electronic Arts
Pokemon Mystery Dungeon: Explorers of Time	6.0	ChunSoft	Nintendo
Populous DS	6.0	Genki	XSEED Games
Scooby-Doo! Unmasked	6.0	Artificial Mind and Movement	THQ
Steal Princess	6.0	Climax Entertainment	Atlus
The Secret Saturdays: Beasts of the 5th Sun	6.0	High Voltage Software	D3Publisher
The Spiderwick Chronicles	6.0	Stormfront Studios	Sierra Entertainment
Touch Detective	6.0	BeeWorks	Atlus
Wario: Master of Disguise	6.0	Suzak	Nintendo
Zoo Tycoon 2	6.0	Blue Fang Games	Microsoft Game Studios
Bleach: The 3rd Phantom	5.9	Tom Create	Sega
DreamWorks Kung Fu Panda 2	5.9	THQ	THQ
Flash Focus: Vision Training in Minutes a Day	5.9	Namco Bandai Games	Nintendo
Flipper 2: Flush the Goldfish	5.9	Goodbye Galaxy Games	Engine Software
From the Abyss	5.9	Sonic Powered	Aksys Games
Garfield: A Tail of Two Kitties	5.9	Two Tribes	The Game Factory
LEGO Battles: Ninjago	5.9	Hellbent Games	Warner Bros. Interactive Entertainment
Lego Indiana Jones 2: The Adventure Continues	5.9	Traveller's Tales	LucasArts
Line Rider 2: Unbound	5.9	InXile Entertainment	Genius Products, Inc.
Lost in Blue 3	5.9	Matrix Software	Konami
Lunar: Dragon Song	5.9	Japan Art Media (JAM)	Ubisoft
Mage Knight: Destiny's Soldier	5.9	Big Blue Bubble Inc.	Namco Bandai Games
Major League Baseball 2K8: Fantasy All-Stars	5.9	Deep Fried Entertainment	Take-Two Interactive
Mega Man Star Force 3: Red Joker	5.9	Capcom	Capcom
Mister Slime	5.9	Lexis Numerique	SouthPeak Games
My Japanese Coach	5.9	Sensory Sweep	Ubisoft
Need for Speed: Undercover	5.9	EA Vancouver	Electronic Arts
Nicktoons: Battle for Volcano Island	5.9	Blue Tongue Entertainment	THQ
Pokemon Mystery Dungeon: Explorers of Darkness	5.9	ChunSoft	Nintendo
Rio	5.9	Eurocom	THQ
Space Chimps	5.9	Red Tribe	Brash Entertainment
Tamagotchi Connection: Corner Shop	5.9	NanaOn-Sha	Bandai
The Chase: Felix Meets Felicity	5.9	Razorback Developments	Atari SA
Thrillville: Off the Rails	5.9	Frontier Developments	LucasArts
Tropix!	5.9	Engine Software	Capcom
Uno / Skip-Bo / Uno Freefall	5.9	Black Lantern Studios	DSI Games
Aliens in the Attic	5.8	Engine Software	Playlogic
Assassin's Creed: Altair's Chronicles	5.8	Gameloft	Ubisoft
Black Sigil: Blade of the Exiled	5.8	Studio Archcraft	Graffiti Entertainment
Boogie	5.8	EA Montreal	Electronic Arts
Disney/Pixar Cars 2	5.8	Avalanche Software	Disney Interactive Studios
Disney Wizards of Waverly Place	5.8	Black Lantern Studios	Disney Interactive Studios
Disney's TRON: Evolution	5.8	Propaganda Games	Disney Interactive Studios
DreamWorks Bee Movie Game	5.8	Beenox	Activision
Fullmetal Alchemist: Dual Sympathy	5.8	Natsume	Destineer
GoldenEye: Rogue Agent	5.8	EA LA	EA Games
Lost in Blue 2	5.8	Matrix Software	Konami
Mega Man Star Force 3: Black Ace	5.8	Capcom	Capcom
Mega Man Star Force: Leo	5.8	Capcom	Capcom
Monster Rancher DS	5.8	Cing	UFO Interactive
Pet Alien: An Intergalactic Puzzlepalooza	5.8	Shin'en	The Game Factory
Pro Evolution Soccer 2008	5.8	Konami	Konami
Rayman 2: The Great Escape	5.8	Ubisoft Casablanca	Ubisoft
Shaun the Sheep	5.8	Art	D3Publisher
Super Yum Yum: Puzzle Adventures	5.8	AirPlay	Mastertronic
Teenage Mutant Ninja Turtles 3: Mutant Nightmare	5.8	KCE Studios	Konami
Tomb Raider: Legend	5.8	Crystal Dynamics	Eidos Interactive
WWE SmackDown vs. Raw 2009	5.8	Yuke's	THQ
Xiaolin Showdown	5.8	BottleRocket Entertainment	Konami
Cake Mania 2: Jill's Next Adventure!	5.7	Digital Embryo	Majesco
Call of Duty: Modern Warfare 3 - Defiance	5.7	n-Space	Activision
Chronicles of Mystery: Curse of the Ancient Temple	5.7	City Interactive	City Interactive
Deca Sports	5.7	CAProduction	Konami
Deep Labyrinth	5.7	Interactive Brains	Atlus
Dragon Ball Z: Harukanaru Densetsu	5.7	Bec	Atari SA
Hasbro Family Game Night	5.7	EA Bright Light	Electronic Arts
Monopoly / Boggle / Yahtzee / Battleship	5.7	Sensory Sweep	Atari SA
Naruto: Path of the Ninja	5.7	TOSE	Tomy Corporation
Prince of Persia: The Forgotten Sands	5.7	Ubisoft Montreal	Ubisoft
Rayman Raving Rabbids 2	5.7	Ubisoft Montpellier	Ubisoft
Sherlock Holmes: The Mystery of the Mummy	5.7	Frogwares	DreamCatcher Interactive
Star Wars: Lethal Alliance	5.7	Ubisoft Montreal	Ubisoft
Tamagotchi Connection: Corner Shop 3	5.7	NanaOn-Sha	Namco Bandai Games
The Legend of Spyro: Dawn of the Dragon (2008)	5.7	Etranges Libellules	Activision
Warhammer 40,000: Squad Command	5.7	RedLynx	THQ
Wordmaster (2008)	5.7	Sarbakan Inc.	Zoo Games
Captain America: Super Soldier	5.6	Next Level Games	Sega
Dynasty Warriors DS: Fighter's Battle	5.6	Studio Fake	Koei
FIFA Street 3	5.6	EA Canada	EA Sports
Globulos Party	5.6	GlobZ	GlobZ
Harry Potter and the Deathly Hallows, Part 1	5.6	EA Bright Light	Electronic Arts
Iron Man (2008)	5.6	Secret Level	Sega
Jewel Master: Egypt	5.6	Cerasus Media	Storm City Games
LOL: Never Party Alone!	5.6	Route24	Agetec
Master of the Monster Lair	5.6	Global A	Atlus
Miami Law	5.6	Hudson Entertainment	Hudson Entertainment
Nacho Libre	5.6	BudCat	Majesco
Naruto: Ninja Council 3	5.6	Aspect	D3Publisher
Naruto Shippuden: Shinobi Retsuden 3	5.6	DreamFactory	Takara Tomy
Percy Jackson and the Olympians: The Lightning Thief	5.6	Griptonite Games	Activision
Rafa Nadal Tennis	5.6	Virtual Toys	Codemasters
Rayman Raving Rabbids (2007)	5.6	Ubisoft Bulgaria	Ubisoft
Rooms: The Main Building	5.6	HandMade Game	Hudson Entertainment
Scooby Doo!  Who's Watching Who?	5.6	Human Soft	THQ
DreamWorks Shrek SuperSlam	5.6	Shaba Games	Activision
SpongeBob SquarePants: Creature from the Krusty Krab	5.6	Blitz Games	THQ
Surf's Up	5.6	Ubisoft	Ubisoft
The Legend of Spyro: The Eternal Night (Nintendo DS)	5.6	Amaze Entertainment	Sierra Entertainment
Tokyo Beat Down	5.6	Tamsoft	Atlus
Touch the Dead	5.6	DREAM ON STUDIO	Eidos Interactive
1001 BlockBusters	5.5	None	Selectsoft
Battleship / Connect Four / Sorry! / Trouble	5.5	Gravity-I	DSI Games
Cake Mania	5.5	Digital Embryo	Majesco
Cartoon Network Racing	5.5	Firebrand Games	The Game Factory
C.O.P.: The Recruit	5.5	Velez & Dubail	Ubisoft
Eco-Creatures: Save the Forest	5.5	Headlock	Majesco
Ghostbusters: The Video Game	5.5	Terminal Reality	Atari SA
Harry Potter and the Deathly Hallows, Part 2	5.5	EA Bright Light	Electronic Arts
Hoshigami: Ruining Blue Earth Remix	5.5	Barnhouse Effect	Aksys Games
Insecticide: Episode 1	5.5	Creat Studios	Gamecock Media Group
Legends of Exidia	5.5	Gameloft	Gameloft
DreamWorks Madagascar: Escape 2 Africa	5.5	Toys for Bob	Activision
Mega Man Star Force 2: Zerker x Ninja	5.5	Capcom	Capcom
Mega Man Star Force 2: Zerker x Saurian	5.5	Capcom	Capcom
Midnight Mysteries: The Edgar Allan Poe Conspiracy	5.5	MumboJumbo	MumboJumbo
Monster Bomber	5.5	Taito Corporation	Majesco
Naruto Shippuden: Ninja Destiny 2	5.5	DreamFactory	Tomy Corporation
Rango (2011)	5.5	Behaviour Interactive	Paramount Digital Entertainment
Spider-Man: Friend or Foe	5.5	Next Level Games	Activision
Trioncube	5.5	Bandai Namco Games	Namco Bandai Games
X-Men Origins: Wolverine (2009)	5.5	Griptonite Games	Activision
Cosmos X2	5.4	Saturnine Games	Saturnine Games
Crime Scene (2009)	5.4	White Birds Productions	SouthPeak Games
Despicable Me: The Game - Minion Mayhem	5.4	WayForward	D3Publisher
Disney/Pixar Cars	5.4	Rainbow Studios	THQ
Disney/Pixar The Incredibles: Rise of the Underminer	5.4	Heavy Iron Studios	THQ
Disney*Pixar WALL-E (2008)	5.4	Helixe	THQ
DreamWorks Shrek: Ogres and Dronkeys	5.4	WayForward	Activision
Flower, Sun, and Rain	5.4	h.a.n.d. Inc.	XSEED Games
I Heart Geeks!	5.4	SevenOne Intermedia	cdv Software
Ice Age: Dawn Of The Dinosaurs	5.4	Activision	Activision
Iron Man 2	5.4	Sega Studios San Francisco	Sega
Nicktoons: Attack of the Toybots	5.4	Blue Tongue Entertainment	THQ
Ninja Reflex	5.4	Sanzaru Games	Electronic Arts
Pokemon Mystery Dungeon: Explorers of Sky	5.4	ChunSoft	Nintendo
Rainbow Islands Revolution	5.4	Marvelous Entertainment	Codemasters
River King: Mystic Valley	5.4	TOSE	Natsume
Sudoku Ball Detective	5.4	Whitebear	Playlogic
The Chronicles of Narnia: Prince Caspian	5.4	Traveller's Tales	Disney Interactive Studios
Touch Mechanic	5.4	Kando Games	Aspyr
Agatha Christie: The ABC Murders (2009)	5.3	Black Lantern Studios	DreamCatcher Interactive
Brain Assist	5.3	Japan Art Media (JAM)	Sega
Bugs'N'Balls	5.3	EnjoyUp Games	EnjoyUp Games
Crime Lab: Body of Evidence	5.3	City Interactive	City Interactive
El Tigre: The Adventures of Manny Rivera (2007)	5.3	THQ	THQ
Faceez	5.3	Neko Entertainment	Neko Entertainment
I Spy Fun House	5.3	Big Blue Bubble Inc.	Scholastic, Inc.
James Patterson Women's Murder Club: Games of Passion	5.3	THQ	THQ
Nicktoons Unite!	5.3	THQ	THQ
Professor Heinz Wolff's Gravity	5.3	Deep Silver	Deep Silver
Ragnarok DS	5.3	TOSE	XSEED Games
Top Trumps: Doctor Who	5.3	Rockpool Games	Eidos Interactive
WarioWare: Snapped!	5.3	Intelligent Systems	Nintendo
Zoo Hospital	5.3	Torus Games	Majesco
Again: Interactive Crime Novel	5.2	Cing	Tecmo
Blood Bowl	5.2	Cyanide	Focus Home Interactive
Brain Voyage	5.2	Razorback Developments	Eidos Interactive
Easy Piano	5.2	Game Life	Valcon Games
Hi Hi Puffy AmiYumi: The Genie & the Amp	5.2	Sensory Sweep	D3Publisher
Over the Hedge: Hammy Goes Nuts!	5.2	Amaze Entertainment	Activision
Syberia	5.2	Microids	The Adventure Company
Time Ace	5.2	Trainwreck Studios	Konami
AMF Bowling Pinbusters!	5.1	4J Studios	Vir2L Studios
Camping Mama: Outdoor Adventures	5.1	Racjin	Majesco
Code Lyoko: Fall of X.A.N.A.	5.1	The Game Factory	The Game Factory
Harry Potter and the Order of the Phoenix	5.1	EA Games	EA Games
Indianapolis 500 Legends	5.1	Torus Games	Destineer
Left Brain Right Brain 2	5.1	Kokolo Corporation	Majesco
Paper Airplane Chase	5.1	Nintendo	Nintendo
Retro Atari Classics	5.1	Taniko	Atari SA
Top Spin 2	5.1	Pam Development	2K Sports
A Witch's Tale	5.0	Hit Maker	NIS America
Bratz: Super Babyz	5.0	Creat Studios	THQ
Bubble Bobble Double Shot	5.0	Marvelous Entertainment	Ignition Entertainment
Hurry Up Hedgehog!	5.0	Ivolgamus	Oxygen Interactive
Indiana Jones and the Staff of Kings	5.0	Artificial Mind and Movement	LucasArts
Left Brain Right Brain	5.0	Japan Art Media (JAM)	Majesco
Pirates: Duels on the High Seas	5.0	Oxygen Interactive	Oxygen Interactive
Spider-Man: Edge of Time (DS)	5.0	Other Ocean Interactive	Activision
Spyro: Shadow Legacy	5.0	Amaze Entertainment	VU Games
Tao's Adventure: Curse of the Demon Seal	5.0	Konami Software Shanghai	Konami
The Incredible Hulk (2008)	5.0	Edge of Reality	Sega
The Sims 2: Apartment Pets	5.0	Full Fat	Electronic Arts
Tom Clancy's Splinter Cell: Chaos Theory	5.0	Ubisoft Montreal	Ubisoft
Vampire Moon: The Mystery of the Hidden Sun	5.0	City Interactive	City Interactive
X-Men: The Official Game	5.0	Z-Axis, Ltd.	Activision
Animal Paradise	4.9	Empire Interactive	Empire Interactive
Back at the Barnyard: Slop Bucket Games	4.9	THQ	THQ
Challenge Me: Math Workout	4.9	Oxygen Interactive	O-Games
Digimon World Championship	4.9	Epics	Namco Bandai Games
Ford Racing 3	4.9	Razorworks	2K Games
Naruto Shippuden: Ninja Council 4	4.9	Aspect	Tomy Corporation
Space Invaders Revolution	4.9	Marvelous Entertainment	Mastiff
Spitfire Heroes: Tales of the Royal Air Force	4.9	Big John Games	Destineer
Spore Hero	4.9	Maxis	EA Games
The Sims 2: Pets	4.9	Maxis	EA Games
Alex Rider: Stormbreaker	4.8	Altron	THQ
Disney Bolt	4.8	Avalanche Software	Disney Interactive Studios
Carnival Games (2007)	4.8	Cat Daddy Games	Global Star Software
Disney/Pixar Ratatouille: Food Frenzy	4.8	Helixe	THQ
Harry Potter and the Half-Blood Prince	4.8	EA Bright Light	EA Games
Hell's Kitchen	4.8	Ludia Inc.	Ubisoft
Lux-Pain	4.8	Killaware	Ignition Entertainment
Mega Brain Boost	4.8	Interchannel-Holon	Majesco
Miami Nights: Singles in the City	4.8	Gameloft	Ubisoft
Red Bull BC One	4.8	Smack Down Productions	Ignition Entertainment
Sherlock Holmes and the Mystery of Osborne House	4.8	Frogwares	THQ
SNK vs. Capcom Card Fighters DS	4.8	SNK Playmore	SNK Playmore
Sprung	4.8	Ubisoft	Ubisoft
Top Gun (2006)	4.8	InterActive Vision Games	Mastiff
Alt-Play: Jason Rohrer Anthology	4.7	Sabarasa Entertainment	Sabarasa Entertainment
ATV Quad Kings	4.7	Beyond Reality	Zoo Games
Death Jr. and the Science Fair of Doom	4.7	Foundation 9 Entertainment	Konami
DreamWorks Monsters vs. Aliens	4.7	Beenox	Activision
Furry Legends	4.7	Gamelion Studios	Gamelion Studios
G.I. Joe: The Rise of Cobra	4.7	Double Helix Games	Electronic Arts
Jake Hunter: Detective Chronicles	4.7	WorkJam	Aksys Games
Lego Star Wars II: The Original Trilogy	4.7	Traveller's Tales	LucasArts
Lionel Trains On Track	4.7	Black Lantern Studios	DSI Games
Phineas and Ferb: Across the 2nd Dimension	4.7	High Impact Games	Disney Interactive Studios
What's Cooking with Jamie Oliver	4.7	Keen Games	Atari SA
101-in-1 Explosive Megamix	4.6	Nordcurrent	Atlus
Fish Tycoon	4.6	Big Fish Games	Majesco
Freedom Wings	4.6	Beluga Computer	Natsume
Inuyasha: Secret of the Divine Jewel	4.6	Art	Namco Bandai Games
Nancy Drew: The Mystery of the Clue Bender Society	4.6	Gorilla Systems	Majesco
Pokemon Dash	4.6	Ambrella	Nintendo
Snood 2: On Vacation	4.6	Gravity-I	Destination Software
Spectral Force Genesis	4.6	Idea Factory	Ignition Entertainment
Yogi Bear (2010)	4.6	1st Playable Productions	D3Publisher
Crash: Mind Over Mutant	4.5	Radical Entertainment	Activision
Fighting Fantasy: The Warlock of Firetop Mountain	4.5	Big Blue Bubble Inc.	Aspyr
Hysteria Hospital: Emergency Ward	4.5	Gameinvest	O-Games
Jonas	4.5	Altron	Disney Interactive Studios
Mushroom Men: Rise of the Fungi	4.5	Red Fly Studio	Gamecock Media Group
Napoleon Dynamite: The Game	4.5	7 Studios	Crave
Need for Speed: Most Wanted (2005)	4.5	EA Canada	Electronic Arts
PDC World Championship Darts 2009	4.5	Rebellion	O-Games
C.O.R.E.	4.4	NoWay Studio	Graffiti Entertainment
Dora the Explorer: Dora Saves the Mermaids	4.4	Black Lantern Studios	2K Play
Garfield's Fun Fest	4.4	Black Lantern Studios	DSI Games
George of the Jungle and the Search for the Secret	4.4	Crave	Crave
Pac-Man World 3	4.4	Blitz Games	Namco
Power Rangers: Super Legends - 15th Anniversary	4.4	Handheld Games	Disney Interactive Studios
Tornado	4.4	Skonec	Ignition Entertainment
Zoo Tycoon (2001)	4.4	Altron	THQ
1950s Lawn Mower Kids	4.3	Zordix	Zordix
Nickelodeon Drake & Josh: Talent Showdown	4.3	Artificial Mind and Movement	THQ
FIFA Street 2	4.3	EA Canada	EA Sports Big
Igor the Game (2008)	4.3	Artefacts Studio	SouthPeak Games
John Deere: Harvest in the Heartland	4.3	Black Lantern Studios	Destineer
Justice League Heroes	4.3	Snowblind Studios	Warner Bros. Interactive Entertainment
Myst (1995)	4.3	Hoplite Research	Empire Interactive
Safecracker: The Ultimate Puzzle Adventure	4.3	Kheops Studio	The Adventure Company
Sea Monsters: A Prehistoric Adventure	4.3	Atomic Planet Entertainment	DSI Games
Spirit Hunters Inc: Light	4.3	Nnooo	Nnooo
Spirit Hunters Inc: Shadow	4.3	Nnooo	Nnooo
Star Wars: The Force Unleashed II	4.3	LucasArts	LucasArts
The Golden Compass	4.3	Shiny Entertainment	Sega
The Mummy: Tomb of the Dragon Emperor	4.3	Eurocom	Sierra Entertainment
Transformers: Dark of the Moon	4.3	High Moon Studios	Activision
Crystal Adventure	4.2	CIRCLE Entertainment	CIRCLE Entertainment
History Great Empires: Rome	4.2	Slitherine	Valcon Games
Steel Horizon	4.2	Climax Studios	Konami
TMNT	4.2	Ubisoft Montreal	Ubisoft
Escape Trick: Convenience Store	4.1	D3Publisher	Intense
IL-2 Sturmovik: Birds of Prey	4.1	Gaijin Entertainment	505 Games
Puzzle de Harvest Moon	4.1	Platinum Egg	Natsume
Wacky Races: Crash & Dash	4.1	Eidos Sweden	Eidos Interactive
Brain Boost: Gamma Wave	4.0	HuneX	Majesco
Classic Action: Devilish	4.0	Starfish SD	UFO Interactive
Tank Beat	4.0	MileStone Inc.	O3 Entertainment
Underground Pool	4.0	FrontLine Studios	UFO Interactive
Animaniacs: Lights, Camera, Action!	3.9	Warthog	Ignition Entertainment
Brain Boost: Beta Wave	3.9	HuneX	Majesco
Chicken Hunter	3.9	Phenomedia	MumboJumbo
Garfield Gets Real	3.9	PAWS	DSI Games
Greg Hastings' Tournament Paintball Max'd	3.9	WXP	Activision
Inkheart	3.9	DreamCatcher Interactive	DreamCatcher Interactive
Journey to the Center of the Earth	3.9	Human Soft	THQ
The Mysterious Case of Dr. Jekyll & Mr. Hyde	3.9	Joindots	O-Games
The Settlers (2007)	3.9	Blue Byte	Ubisoft
Toon-doku	3.9	Dragon's Den Unlimited	Majesco
Turn It Around	3.9	Taito Corporation	Majesco
1 vs. 100 (2008)	3.8	ECI	DSI Games
Arctic Tale	3.8	Atomic Planet Entertainment	DSI Games
B-17: Fortress in the Sky	3.8	Skyworks Technologies	DSI Games
Bubble Bobble Revolution	3.8	Taito Corporation	Codemasters
Burnout Legends	3.8	Criterion Games	EA Games
Disney High School Musical 2: Work This Out!	3.8	Artificial Mind and Movement	Disney Interactive Studios
Master Jin Jin's IQ Challenge	3.8	Astroll	Valcon Games
Crash Boom Bang!	3.7	Dimps Corporation	Sierra Entertainment
Double Sequence: The Q-Virus Invasion	3.7	Next Wave Team	DSI Games
My Horse & Me	3.7	W!Games	Atari SA
Tenchu: Dark Secret	3.7	Polygon Magic	Nintendo
Beyblade: Metal Fusion	3.6	Hudson Soft	Hudson Entertainment
Teenage Mutant Ninja Turtles: Arcade Attack	3.6	Ubisoft	Ubisoft
Army Men: Soldiers of Misfortune	3.5	Big Blue Entertainment	Zoo Digital Publishing
ATV Quad Frenzy	3.5	Skyworks Technologies	Majesco
Fantastic Four: Rise of the Silver Surfer	3.5	Visual Concepts	2K Games
Jackass the Game	3.5	Sidhe Interactive	Red Mile Entertainment
Real Time Conflict: Shogun Empires	3.5	Box Clever Interactive	Namco
Super Black Bass Fishing	3.5	Starfish SD	Majesco
The Wild West	3.5	Happy Happening	Majesco
Astro Boy: The Video Game	3.4	High Voltage Software	D3Publisher
Clash of Elementalists	3.4	Teyon	Teyon
F24: Stealth Fighter	3.4	Skyworks Technologies	Majesco
March of the Penguins	3.4	Skyworks Technologies	DSI Games
Marvel Nemesis: Rise of the Imperfects	3.4	EA Canada	EA Games
Six Flags Fun Park	3.4	7 Studios	Ubisoft
AniMates	3.3	DreamCatcher Interactive	DreamCatcher Interactive
Dragon Booster	3.3	Konami Computer Entertainment Hawaii	Konami
Legend of the Guardians: The Owls of Ga'Hoole	3.3	Krome Studios	Warner Bros. Interactive Entertainment
Monster Trucks DS	3.3	Skyworks Technologies	Majesco
Showtime Championship Boxing	3.3	Nikitova Games	DSI Games
Superman Returns	3.3	EA Tiburon	EA Games
X-Men: Destiny	3.3	Silicon Knights	Activision
Best of Tests DS	3.2	Otaboo	Conspiracy Entertainment
Halloween: Trick or Treat	3.2	Microvalue	Virtual Playground
Jenga World Tour	3.2	Atomic Planet Entertainment	Atari SA
Original Frisbee Disc Sports: Ultimate & Golf	3.1	Skyworks Technologies	Destination Software
Toy Shop	3.1	Gameinvest	Majesco
Zoey 101: Field Trip Fiasco	3.1	Barking Lizards	THQ
Duke Nukem: Critical Mass	2.9	Apogee Software, Ltd.	Deep Silver
Dino Master	2.8	Creative Office	Majesco
Godzilla: Unleashed - Double Smash	2.8	Pipeworks Software, Inc.	Atari SA
Peter Jackson's King Kong: The Official Game of the Movie	2.8	Ubisoft Montpellier	Ubisoft
Ping Pals	2.8	WayForward	THQ
Thundercats (2012)	2.8	Aspect	Namco Bandai Games
Bigfoot: Collision Course	2.6	Destination Software	Zoo Digital Publishing
Rhythm 'n Notes: Improve Your Music Skills	2.6	Beyond Interactive	Agetec
Sudoku Mania	2.5	FrontLine Studios	UFO Interactive
Homie Rollerz	2.3	Webfoot Technologies	Destineer
Wiffle Ball	2.2	Skyworks Technologies	DSI Games
Deal or No Deal	2.0	Artefacts Studio	Destination Software
Chicken Shoot	1.9	Destination Software	DSI Games
Elf Bowling 1 & 2	1.2	Black Lantern Studios	Ignition Entertainment
