Grand Theft Auto III	9.7	DMA Design	Rockstar Games
Tony Hawk's Pro Skater 3	9.7	Neversoft Entertainment	Activision
Metal Gear Solid 2: Sons of Liberty	9.6	KCEJ	Konami
Resident Evil 4 (2005)	9.6	Capcom	Capcom
Gran Turismo 3: A-Spec	9.5	Polyphony Digital	SCEA
Grand Theft Auto: San Andreas	9.5	Rockstar North	Rockstar Games
Grand Theft Auto: Vice City	9.5	Rockstar North	Rockstar Games
Madden NFL 2003	9.5	EA Sports	EA Sports
Devil May Cry	9.4	Capcom	Capcom
God of War (2005)	9.4	SCE Santa Monica	SCEA
Madden NFL 2002	9.4	EA Sports	EA Sports
Madden NFL 2004	9.4	EA Tiburon	EA Sports
Metal Gear Solid 3: Subsistence	9.4	Kojima Productions	Konami
NCAA Football 2004	9.4	EA Sports	EA Sports
Tony Hawk's Pro Skater 4	9.4	Neversoft Entertainment	Activision
Virtua Fighter 4	9.4	Sega AM2	Sega
Burnout 3: Takedown	9.3	Criterion Games	EA Games
God of War II	9.3	SCE Santa Monica	SCEA
NFL 2K3	9.3	Visual Concepts	Sega
Okami	9.3	Clover Studio	Capcom
Pro Evolution Soccer 2	9.3	KCET	Konami
SSX (2000)	9.3	EA Sports Big	EA Sports Big
SSX 3	9.3	EA Canada	EA Sports Big
Virtua Fighter 4: Evolution	9.3	Sega	Sega
World Soccer Winning Eleven 7 International	9.3	KCET	Konami
Final Fantasy X	9.2	SquareSoft	Square EA
Final Fantasy XII	9.2	Square Enix	Square Enix
Guitar Hero II	9.2	Harmonix Music Systems	RedOctane
NHL 2002	9.2	EA Sports	Electronic Arts
Prince of Persia: The Sands of Time	9.2	Ubisoft	Ubisoft
SoulCalibur II	9.2	Namco	Namco
DOA2: Hardcore	9.1	Team Ninja	Tecmo
ESPN NFL Football	9.1	Visual Concepts	Sega
Guitar Hero	9.1	Harmonix Music Systems	RedOctane
Klonoa 2: Lunatea's Veil	9.1	Namco	Namco
Madden NFL 2001	9.1	EA Sports	EA Sports
Madden NFL 2005	9.1	EA Tiburon	EA Sports
Metal Gear Solid 3: Snake Eater	9.1	KCEJ	Konami
NCAA Football 2003	9.1	EA Sports	EA Sports
Ratchet & Clank: Up Your Arsenal	9.1	Insomniac Games	SCEA
Shadow of the Colossus	9.1	Bluepoint Games	Sony Interactive Entertainment
Twisted Metal: Black	9.1	Incognito Inc.	SCEA
World Soccer Winning Eleven 8 International	9.1	KCET	Konami
Burnout Revenge	9.0	Criterion Games	Electronic Arts
ESPN NFL 2K5	9.0	Visual Concepts	Sega
ESPN NHL Hockey	9.0	Kush Games	Sega
ICO	9.0	SCE Japan Studio	SCEA
Jak and Daxter: The Precursor Legacy	9.0	Naughty Dog	SCEA
MVP Baseball 2004	9.0	EA Sports	EA Sports
NBA Street Vol. 2	9.0	Electronic Arts	EA Sports Big
NCAA Football 2002	9.0	EA Sports	EA Sports
Ratchet & Clank: Going Commando	9.0	Insomniac Games	SCEA
Rayman 2: The Great Escape	9.0	Ubisoft Casablanca	Ubisoft
Shin Megami Tensei: Persona 4	9.0	Atlus	Atlus
TimeSplitters 2	9.0	Free Radical Design	Eidos Interactive
Tony Hawk's Underground	9.0	Neversoft Entertainment	Activision
Viewtiful Joe	9.0	Clover Studio	Capcom
Ace Combat 04: Shattered Skies	8.9	Project Aces 	Namco
Dragon Quest VIII: Journey of the Cursed King	8.9	Level 5	Square Enix
ESPN NBA Basketball	8.9	Visual Concepts	Sega
NBA 2K2	8.9	Visual Concepts	Sega
NBA 2K3	8.9	Visual Concepts	Sega
NBA Street	8.9	NuFX	EA Sports Big
NBA Street V3	8.9	EA Canada	EA Sports Big
Need for Speed: Hot Pursuit 2	8.9	EA Black Box	Electronic Arts
NHL 2K3	8.9	Treyarch	Sega
Shin Megami Tensei: Persona 3 FES	8.9	Atlus	Atlus
Silent Hill 2 (2001)	8.9	KCET	Konami
Tiger Woods PGA Tour 2004	8.9	EA Sports	EA Sports
Tom Clancy's Splinter Cell	8.9	Ubisoft Montreal	Ubisoft
FIFA Soccer 2003	8.8	EA Canada	EA Sports
Fight Night Round 2	8.8	EA Sports	EA Sports
Madden NFL 06	8.8	EA Tiburon	EA Sports
Medal of Honor: Frontline	8.8	EA LA	EA Games
NASCAR Thunder 2004	8.8	EA Tiburon	Electronic Arts
NCAA Football 2005	8.8	EA Tiburon	EA Sports
Ratchet & Clank	8.8	Insomniac Games	SCEA
Red Faction	8.8	Volition Inc.	THQ
Sly 2: Band of Thieves	8.8	Sucker Punch	SCEA
Tekken 5	8.8	Namco	Namco
Tiger Woods PGA Tour 2003	8.8	EA Sports	EA Sports
Tiger Woods PGA Tour 2005	8.8	EA Sports	EA Sports
Baldur's Gate: Dark Alliance	8.7	Snowblind Studios	Interplay
Bully	8.7	Rockstar Vancouver	Rockstar Games
Dark Cloud 2	8.7	Level 5	SCEA
Devil May Cry 3: Special Edition	8.7	Capcom	Capcom
DJ Hero	8.7	FreeStyleGames	Activision
Final Fantasy XI: Treasures of Aht Urhgan	8.7	Square Enix	Square Enix
Guilty Gear X2	8.7	Arc System Works	Sammy Studios
Half-Life	8.7	Valve Software	Sierra Entertainment
Jak II	8.7	Naughty Dog	SCEA
Kingdom Hearts II	8.7	Square Enix	Square Enix
Metal Gear Solid 2: Substance	8.7	KCEJ	Konami
MVP Baseball 2005	8.7	EA Sports	EA Sports
NASCAR SimRacing	8.7	EA Tiburon	EA Games
NCAA Football 06	8.7	EA Sports	EA Sports
NCAA Football 07	8.7	EA Sports	EA Sports
SOCOM II: U.S. Navy SEALs	8.7	Zipper Interactive	SCEA
Tom Clancy's Splinter Cell: Chaos Theory	8.7	Ubisoft Montreal	Ubisoft
Tom Clancy's Splinter Cell: Pandora Tomorrow	8.7	Ubisoft Shanghai	Ubisoft
World Series Baseball 2K3	8.7	Blue Shift	Sega
Amplitude (2003)	8.6	Harmonix Music Systems	SCEA
Beyond Good & Evil	8.6	Ubisoft Montpellier	Ubisoft
Burnout 2: Point of Impact	8.6	Criterion Games	Acclaim
Colin McRae Rally 3	8.6	Codemasters	Codemasters
ESPN College Hoops 2K5	8.6	Visual Concepts	Sega
ESPN NHL 2K5	8.6	Kush Games	Sega
Katamari Damacy	8.6	Now Production	Namco
NBA Live 2004	8.6	EA Sports	EA Sports
Onimusha: Warlords	8.6	NeoBards Entertainment	Capcom
Psychonauts	8.6	Double Fine Productions	Majesco
Shin Megami Tensei: Persona 3	8.6	Atlus	Atlus
Sly Cooper and the Thievius Raccoonus	8.6	Sucker Punch	SCEA
SoulCalibur III	8.6	Namco	Namco
Suikoden III	8.6	KCET	Konami
We Love Katamari	8.6	Now Production	Namco
Winning Eleven: Pro Evolution Soccer 2007	8.6	KCET	Konami
Aggressive Inline	8.5	Z-Axis, Ltd.	Acclaim
Champions of Norrath	8.5	Snowblind Studios	Sony Online Entertainment
DDRMAX: Dance Dance Revolution	8.5	KCET	Konami
Fight Night 2004	8.5	EA Sports	EA Sports
Final Fantasy X-2	8.5	SquareSoft	Square Enix
Final Fantasy XI	8.5	SquareSoft	SCEA
Hitman 2: Silent Assassin	8.5	Io Interactive	Eidos Interactive
Hot Shots Golf 3	8.5	Clap Hanz	SCEA
Kingdom Hearts	8.5	SquareSoft	SquareSoft
Midnight Club 3: DUB Edition Remix	8.5	Rockstar San Diego	Rockstar Games
Midnight Club II	8.5	Rockstar San Diego	Rockstar Games
NASCAR Thunder 2002	8.5	EA Sports	Electronic Arts
Need for Speed: Underground	8.5	EA Black Box	Electronic Arts
NFL 2K2	8.5	Visual Concepts	Sega
NHL 2001	8.5	EA Sports	EA Sports
NHL 2004	8.5	EA Black Box	EA Sports
Onimusha 3: Demon Siege	8.5	Capcom	Capcom
Prince of Persia: The Two Thrones	8.5	Ubisoft	Ubisoft
Rumble Racing	8.5	Electronic Arts	Electronic Arts
Shadow Hearts: Covenant	8.5	Nautilus	Midway
Silent Hill 3	8.5	KCET	Konami
Tekken Tag Tournament	8.5	Namco	Namco
The Lord of the Rings: The Return of the King	8.5	EA Games	EA Games
Viewtiful Joe 2	8.5	Clover Studio	Capcom
WWE SmackDown! Here Comes the Pain	8.5	Yuke's	THQ
Ace Combat 5: The Unsung War	8.4	Project Aces 	Namco
Devil May Cry 3: Dante's Awakening	8.4	Capcom	Capcom
Disgaea 2: Dark Hero Days	8.4	Nippon Ichi Software	NIS America
Disgaea: Afternoon of Darkness	8.4	Nippon Ichi Software	Atlus
Escape from Monkey Island	8.4	LucasArts	LucasArts
FIFA Soccer 2004	8.4	EA Canada	EA Sports
Fight Night Round 3	8.4	EA Chicago	EA Sports
High Heat Major League Baseball 2003	8.4	3DO	3DO
Jak 3	8.4	Naughty Dog	SCEA
James Bond 007: Everything or Nothing	8.4	EA Redwood Shores	EA Games
Lego Star Wars II: The Original Trilogy	8.4	Traveller's Tales	LucasArts
Madden NFL 07	8.4	EA Tiburon	EA Sports
Maximo: Ghosts to Glory	8.4	Capcom	Capcom
Mercenaries: Playground of Destruction	8.4	Pandemic Studios	LucasArts
Midnight Club 3: DUB Edition	8.4	Rockstar San Diego	Rockstar Games
MLB 08: The Show	8.4	SCEA San Diego Studios	SCEA
NASCAR: Dirt to Daytona	8.4	Monster Games Inc.	Infogrames
NASCAR Thunder 2003	8.4	EA Sports	EA Sports
NBA 2K6	8.4	Visual Concepts	2K Sports
NBA Live 2005	8.4	EA Canada	EA Sports
Onimusha 2: Samurai's Destiny	8.4	Capcom	Capcom
Psi-Ops: The Mindgate Conspiracy	8.4	Midway	Midway
Quake III Revolution	8.4	Bullfrog Productions	Electronic Arts
Red Faction II	8.4	Volition Inc.	THQ
Resident Evil Code: Veronica X	8.4	Capcom	Capcom
Splashdown	8.4	Rainbow Studios	Infogrames
Spy Hunter	8.4	Paradigm Entertainment	Midway
Star Wars: Battlefront II (2005)	8.4	Pandemic Studios	LucasArts
Star Wars: Starfighter	8.4	LucasArts	LucasArts
The Warriors	8.4	Rockstar Toronto	Rockstar Games
TimeSplitters: Future Perfect	8.4	Free Radical Design	EA Games
Tom Clancy's Splinter Cell: Double Agent	8.4	Ubisoft Shanghai	Ubisoft
Valkyrie Profile 2: Silmeria	8.4	Tri-Ace	Square Enix
WWE SmackDown! vs. Raw 2006	8.4	Yuke's	THQ
Def Jam: Fight for NY	8.3	Aki Corp.	EA Games
ESPN College Hoops	8.3	Visual Concepts	Sega
ESPN NBA 2K5	8.3	Visual Concepts	Sega
F1 2001	8.3	EA Sports	Electronic Arts
FIFA 2001	8.3	EA Canada	Electronic Arts
FIFA 08 Soccer	8.3	EA Canada	EA Sports
Frequency	8.3	Harmonix Music Systems	SCEA
High Heat Major League Baseball 2004	8.3	3DO	3DO
Hitman: Blood Money	8.3	Io Interactive	Eidos Interactive
Indigo Prophecy	8.3	Quantic Dream	Atari SA
Karaoke Revolution (2003)	8.3	Harmonix Music Systems	Konami
Maximo vs Army of Zin	8.3	Capcom	Capcom
MLB 06: The Show	8.3	SCEA San Diego Studios	SCEA
MLB 07: The Show	8.3	SCEA San Diego Studios	SCEA
NBA Ballers	8.3	Midway	Midway
NBA Live 2003	8.3	EA Canada	Electronic Arts
NCAA College Basketball 2K3	8.3	Kush Games	Sega
NCAA Football 08	8.3	EA Sports	EA Sports
Odin Sphere	8.3	Vanillaware	Atlus
Prince of Persia: Warrior Within	8.3	Ubisoft Montreal	Ubisoft
Rogue Galaxy	8.3	Level 5	SCEA
Rygar: The Legendary Adventure	8.3	Tecmo	Tecmo
Sly 3: Honor Among Thieves	8.3	Sucker Punch	SCEA
The Incredible Hulk: Ultimate Destruction	8.3	Radical Entertainment	VU Games
The Sims	8.3	Maxis	Maxis
Tiger Woods PGA Tour 06	8.3	EA Sports	EA Sports
TOCA Race Driver 2: The Ultimate Racing Simulator	8.3	Codemasters	Codemasters
Tony Hawk's Underground 2 Remix	8.3	Neversoft Entertainment	Activision
Virtua Tennis 2	8.3	Hitmaker	Sega
Wakeboarding Unleashed Featuring Shaun Murray	8.3	Shaba Games	Activision
Wipeout Fusion	8.3	Studio Liverpool	Bam Entertainment
Xenosaga Episode I: Der Wille zur Macht	8.3	Monolith Soft	Namco
Ape Escape 2	8.2	SCE Japan Studio	Ubisoft
ATV Offroad Fury	8.2	Rainbow Studios	SCEA
ATV Offroad Fury 2	8.2	Rainbow Studios	SCEA
Brothers in Arms: Road to Hill 30	8.2	Gearbox Software	Ubisoft
Call of Duty 3	8.2	Treyarch	Activision
DDRMAX2: Dance Dance Revolution	8.2	Konami	Konami
FIFA 07 Soccer	8.2	EA Sports	EA Sports
FIFA 2002	8.2	EA Sports	EA Sports
Gitaroo Man	8.2	Koei/Inis	Koei
Gradius V	8.2	Treasure	Konami
Guitar Hero III: Legends of Rock	8.2	Neversoft Entertainment	RedOctane
Karaoke Revolution Volume 3	8.2	Harmonix Music Systems	Konami
Major League Baseball 2K5	8.2	Kush Games	Take-Two Interactive
NCAA March Madness 2004	8.2	NuFX	Electronic Arts
Need for Speed: Most Wanted (2005)	8.2	EA Canada	Electronic Arts
Need for Speed: Underground 2	8.2	EA Canada	Electronic Arts
NHL Hitz 20-03	8.2	EA Black Box	Midway
Peter Jackson's King Kong: The Official Game of the Movie	8.2	Ubisoft Montpellier	Ubisoft
Pro Evolution Soccer 2008	8.2	Konami	Konami
Ring of Red	8.2	Konami	Konami
Rock Band	8.2	Harmonix Music Systems	MTV Games
Sega Genesis Collection	8.2	Digital Eclipse	Sega
Shin Megami Tensei: Digital Devil Saga 2	8.2	Atlus	Atlus
Shin Megami Tensei: Nocturne	8.2	Atlus	Atlus
SOCOM 3: U.S. Navy SEALs	8.2	Zipper Interactive	SCEA
SOCOM: U.S. Navy SEALs	8.2	Zipper Interactive	SCEA
Star Wars: Battlefront (2004)	8.2	Pandemic Studios	LucasArts
The Lord of the Rings: The Two Towers	8.2	Stormfront Studios	EA Games
Theme Park Roller Coaster	8.2	Bullfrog Productions	Electronic Arts
TOCA Race Driver 3 Challenge	8.2	Codemasters	Codemasters
Tomb Raider: Legend	8.2	Crystal Dynamics	Eidos Interactive
V-Rally 3	8.2	Eden Studios	Atari SA
X-Men Legends II: Rise of Apocalypse	8.2	Raven Software	Activision
Zone of the Enders: The 2nd Runner	8.2	KCEJ	Konami
All-Star Baseball 2003	8.1	Acclaim Studios Austin	Acclaim
Capcom vs. SNK 2	8.1	Capcom	Capcom
Dave Mirra Freestyle BMX 2	8.1	Z-Axis, Ltd.	Acclaim
Deus Ex	8.1	Ion Storm	Eidos Interactive
F1 2002	8.1	EA Sports	EA Sports
Fatal Frame II: Crimson Butterfly	8.1	Tecmo	Tecmo
FIFA Soccer 2005	8.1	EA Canada	EA Sports
Freedom Fighters	8.1	Io Interactive	EA Games
Freekstyle	8.1	Page 44 Studios	EA Sports Big
Growlanser Generations	8.1	Career Soft	Working Designs
Knockout Kings 2001	8.1	Black Ops Entertainment	EA Sports
Marvel: Ultimate Alliance	8.1	Raven Software	Activision
Mega Man Anniversary Collection	8.1	Atomic Planet Entertainment	Capcom
Metal Arms: Glitch in the System	8.1	Swingin' Ape	VU Games
MLB 2006	8.1	989 Sports	SCEA
Mortal Kombat: Deception	8.1	Midway	Midway
MVP Baseball 2003	8.1	EA Sports	EA Sports
NASCAR Heat 2002	8.1	Monster Games Inc.	Infogrames
NBA 2K7	8.1	Visual Concepts	2K Sports
NHL 2K6	8.1	2K Sports	2K Sports
Onimusha: Dawn of Dreams	8.1	Capcom	Capcom
OutRun 2006: Coast 2 Coast	8.1	Sumo Digital	Sega
Phantom Brave	8.1	Nippon Ichi Software	NIS America
Pro Race Driver	8.1	Codemasters	Codemasters
Ratchet: Deadlocked	8.1	Insomniac Games	SCEA
Sakura Wars: So Long, My Love	8.1	Idea Factory	NIS America
Secret Weapons Over Normandy	8.1	Totally Games	LucasArts
Star Wars: Jedi Starfighter	8.1	LucasArts	LucasArts
The Sims Bustin' Out	8.1	Maxis	EA Games
Time Crisis 3	8.1	Namco	Namco
Time Crisis II	8.1	Namco	Namco
TimeSplitters	8.1	Free Radical Design	Eidos Interactive
Xenosaga Episode III: Also sprach Zarathustra	8.1	Monolith Soft	Namco Bandai Games
XGIII: Extreme G Racing	8.1	Acclaim Studios Cheltenham	Acclaim
Battlefield 2: Modern Combat	8.0	Digital Illusions	EA Games
Crazy Taxi (1999)	8.0	Hitmaker	Sega
Dark Cloud	8.0	Level 5	SCEA
Def Jam Vendetta	8.0	Aki Corp.	EA Sports Big
EyeToy: Play	8.0	SCEE	SCEA
FIFA 06: Road to FIFA World Cup	8.0	EA Canada	EA Sports
Hitman: Contracts	8.0	Io Interactive	Eidos Interactive
Hot Shots Golf Fore!	8.0	Clap Hanz	SCEA
Max Payne	8.0	Remedy Entertainment	Gathering
MDK2	8.0	BioWare	Interplay
Metal Slug Anthology	8.0	Terminal Reality	SNK Playmore
MLB Power Pros	8.0	Konami	2K Sports
MotoGP 3	8.0	Namco	Namco
MX Unleashed	8.0	Rainbow Studios	THQ
NFL Street	8.0	EA Tiburon	EA Sports
Road Trip (2002)	8.0	E-Game Inc.	Conspiracy Entertainment
Soul Reaver 2	8.0	Crystal Dynamics	Eidos Interactive
Spider-Man 2	8.0	Treyarch	Activision
Splashdown: Rides Gone Wild	8.0	Rainbow Studios	THQ
SSX On Tour	8.0	EA Canada	EA Sports Big
The Mark of Kri	8.0	SCEA	SCEA
Tiger Woods PGA Tour 2002	8.0	EA Sports	EA Sports
War of the Monsters	8.0	Incognito Inc.	SCEA
World of Outlaws: Sprint Cars 2002	8.0	Ratbag	Infogrames
WRC: World Rally Championship	8.0	Evolution Studios	Bam Entertainment
WWE SmackDown! vs. Raw	8.0	Yuke's	THQ
WWE SmackDown vs. Raw 2007	8.0	Yuke's	THQ
AquaAqua	7.9	Zed Two Limited	3DO
Black	7.9	Criterion Games	EA Games
Burnout (2001)	7.9	Criterion Games	Acclaim
Castlevania: Lament of Innocence	7.9	KCET	Konami
Chessmaster	7.9	Ubisoft	Ubisoft
Downhill Domination	7.9	Incognito Inc.	SCEA
Dynasty Tactics	7.9	Koei	Koei
ESPN Major League Baseball	7.9	Blue Shift	Sega
Giants: Citizen Kabuto	7.9	Planet Moon Studios	Interplay
GrimGrimoire	7.9	Vanillaware	NIS America
Guilty Gear X	7.9	Arc System Works	Sammy Studios
La Pucelle: Tactics	7.9	Nippon Ichi Software	Mastiff
MLB 09: The Show	7.9	SCEA San Diego Studios	SCEA
Mortal Kombat: Deadly Alliance	7.9	Midway	Midway
MTV Music Generator 3: This Is the Remix	7.9	Mix Max	Codemasters
MX vs. ATV Unleashed	7.9	Rainbow Studios	THQ
NHL 2003	7.9	EA Sports	Electronic Arts
NHL Hitz Pro	7.9	Next Level Games	Midway
R-Type Final	7.9	Irem	Eidos Interactive
Robot Alchemic Drive	7.9	Sandlot	Enix Corporation
Shin Megami Tensei: Devil Summoner 2: Raidou Kuzunoha vs. King Abaddon	7.9	Atlus	Atlus
Sky Odyssey	7.9	CAProduction	Activision
Smuggler's Run	7.9	Angel Studios	Rockstar Games
Space Channel 5: Special Edition	7.9	UGA	Agetec
Street Fighter Alpha Anthology	7.9	Capcom	Capcom
Tekken 4	7.9	Namco	Namco
Tenchu: Wrath of Heaven	7.9	K2 LLC	Activision
Tiger Woods PGA Tour 07	7.9	EA Redwood Shores	EA Sports
Twisted Metal: Black Online	7.9	Incognito Inc.	SCEA
X-Men Legends	7.9	Raven Software	Activision
Alien Hominid	7.8	The Behemoth	O3 Entertainment
All-Star Baseball 2004	7.8	Acclaim Studios Austin	Acclaim
Armored Core 2	7.8	From Software	Agetec
ATV Offroad Fury 3	7.8	Climax Studios	SCEA
Baldur's Gate: Dark Alliance II	7.8	Black Isle Studios	Interplay
Breath of Fire: Dragon Quarter	7.8	Capcom	Capcom
Capcom Classics Collection	7.8	Digital Eclipse	Capcom
Contra: Shattered Soldier	7.8	KCET	Konami
Cool Boarders 2001	7.8	Idol Minds	SCEA
Culdcept (2003)	7.8	Omiya Soft	NEC Interchannel
Disney's Extreme Skate Adventure	7.8	Toys for Bob	Activision
Drakan: The Ancients' Gates	7.8	Surreal Software	SCEA
Dropship: United Peace Force	7.8	Camden Studio	Bam Entertainment
Dynasty Tactics 2	7.8	Koei	Koei
Dynasty Warriors 3	7.8	Omega Force	Koei
Dynasty Warriors 4	7.8	Omega Force	Koei
EyeToy: Kinetic	7.8	SCEE London Studio	SCEA
EyeToy: Play 2	7.8	SCEE	SCEA
Fatal Frame III: The Tormented	7.8	Tecmo	Tecmo
Fire Pro Wrestling Returns	7.8	S-Neo	Agetec
Gladius (2003)	7.8	LucasArts	LucasArts
Grand Theft Auto: Liberty City Stories	7.8	Rockstar Leeds	Rockstar Games
Karaoke Revolution Party	7.8	Harmonix Music Systems	Konami
Karaoke Revolution Presents: American Idol	7.8	Blitz Games	Konami
LEGO Star Wars	7.8	Traveller's Tales	Eidos Interactive
Madden NFL 08	7.8	EA Tiburon	EA Sports
Midnight Club: Street Racing	7.8	Angel Studios	Rockstar Games
MLB 2005	7.8	989 Sports	SCEA
MLB Slugfest 20-04	7.8	Criterion Games	Midway
MotoGP 2 (2001)	7.8	Namco	Namco
NASCAR 06: Total Team Control	7.8	EA Sports	EA Sports
NCAA March Madness 06	7.8	EA Canada	EA Sports
NCAA March Madness 2005	7.8	EA Canada	EA Sports
NHL 06	7.8	EA Canada	EA Sports
NHL Hitz 20-02	7.8	EA Black Box	Midway
Project: Snowblind	7.8	Crystal Dynamics	Eidos Interactive
Puzzle Quest: Challenge of the Warlords	7.8	1st Playable Productions	D3Publisher
Rez	7.8	HexaDrive	Q Entertainment
Ridge Racer V	7.8	Namco	Namco
Shadow of Destiny	7.8	KCET	Konami
Shin Megami Tensei: Digital Devil Saga	7.8	Atlus	Atlus
Shox	7.8	Electronic Arts	EA Sports Big
SingStar '80s	7.8	SCEE London Studio	SCEA
Sphinx and the Cursed Mummy	7.8	Eurocom	THQ
Street Fighter Anniversary Collection	7.8	Capcom	Capcom
Super Monkey Ball Deluxe	7.8	Sega	Sega
Swing Away Golf	7.8	T&E Soft	Electronic Arts
Tales of the Abyss	7.8	Bandai Namco Games	Namco Bandai Games
The Adventures of Cookie & Cream	7.8	From Software	Agetec
The Simpsons: Hit & Run	7.8	Radical Entertainment	VU Games
The Thing	7.8	Computer Artworks	Black Label Games
Wild Arms 3	7.8	Media.Vision	SCEA
World Tour Soccer 2003	7.8	SCEE London Studio	989 Sports
WWE SmackDown vs. Raw 2009	7.8	Yuke's	THQ
Zone of the Enders	7.8	KCEJ	Konami
All-Star Baseball 2002	7.7	Acclaim Studios Austin	Acclaim
Ape Escape 3	7.7	SCE Japan Studio	SCEA
Arcana Heart	7.7	Examu	Atlus
ATV Offroad Fury 4	7.7	Climax Studios	SCEA
Buzz! The Hollywood Quiz	7.7	Relentless Software	SCEA
Call of Duty 2: Big Red One	7.7	Treyarch	Activision
Champions: Return to Arms	7.7	Snowblind Studios	Sony Online Entertainment
College Hoops 2K6	7.7	2K Sports	2K Sports
Dance Dance Revolution Extreme	7.7	KCET	Konami
Dragon Ball Z: Budokai 3	7.7	Dimps Corporation	Atari SA
ESPN MLS ExtraTime	7.7	Konami Computer Entertainment Hawaii	Konami
EverQuest Online Adventures: Frontiers	7.7	Sony Online Entertainment	Sony Online Entertainment
FIFA World Cup: Germany 2006	7.7	EA Canada	Electronic Arts
Final Fantasy XI: Chains of Promathia	7.7	Square Enix	Square Enix
Grandia III	7.7	Game Arts	Square Enix
Guilty Gear XX Accent Core	7.7	Arc System Works	Aksys Games
Gun	7.7	Neversoft Entertainment	Activision
007: NightFire	7.7	Eurocom	Electronic Arts
Kelly Slater's Pro Surfer	7.7	Treyarch	Activision
Kinetica	7.7	SCE Santa Monica	SCEA
LEGO Batman: The Videogame	7.7	Traveller's Tales	Warner Bros. Interactive Entertainment
Lego Indiana Jones: The Original Adventures	7.7	Traveller's Tales	LucasArts
Makai Kingdom: Chronicles of the Sacred Tome	7.7	Nippon Ichi Software	NIS America
MLB Slugfest 20-03	7.7	Midway	Midway
MLB SlugFest: Loaded	7.7	Point of View	Midway
Monster Rancher 4	7.7	Tecmo	Tecmo
Mortal Kombat: Shaolin Monks	7.7	Midway Studios - Los Angeles	Midway
MotoGP (2000)	7.7	Namco	Namco
MTV Music Generator 2	7.7	Jester Interactive	Codemasters
MTX Mototrax	7.7	Left Field Productions	Activision
NBA Live 06	7.7	EA Canada	EA Sports
NFL Street 2	7.7	EA Tiburon	EA Sports Big
Pool Paradise	7.7	Awesome Developments	Ignition Entertainment
Romance of the Three Kingdoms VIII	7.7	Koei	Koei
Silent Hill: Shattered Memories	7.7	Climax Studios	Konami
Smuggler's Run 2: Hostile Territory	7.7	Angel Studios	Rockstar Games
Taiko Drum Master	7.7	Namco	Namco
The Suffering	7.7	Surreal Software	Midway
Tony Hawk's American Wasteland	7.7	Neversoft Entertainment	Activision
True Crime: Streets of LA	7.7	Luxoflux, Inc.	Activision
UEFA EURO 2008	7.7	EA Canada	Electronic Arts
Unreal Tournament (1999)	7.7	Epic Games	Infogrames
World Tour Soccer 2002	7.7	Team Soho	989 Sports
Yakuza 2	7.7	Amusement Vision	Sega
.hack//Mutation Part 2	7.6	CyberConnect2	Bandai
Blitz: The League	7.6	Midway	Midway
Burnout Dominator	7.6	Criterion Games	Electronic Arts
Call of Duty: Finest Hour	7.6	Spark Unlimited	Activision
Dance Dance Revolution Extreme 2	7.6	Konami Computer Entertainment Hawaii	Konami
Disney's Kim Possible: What's the Switch?	7.6	Artificial Mind and Movement	Buena Vista Games
Grand Prix Challenge	7.6	Melbourne House	Infogrames
Harvest Moon: Save the Homeland	7.6	Victor Interactive Software	Natsume
Heroes of the Pacific	7.6	IR Gurus	Ubisoft
High Heat Major League Baseball 2002	7.6	3DO	3DO
Jade Cocoon 2	7.6	Genki	Ubisoft
Jak X: Combat Racing	7.6	Naughty Dog	SCEA
Karaoke Revolution Volume 2	7.6	Harmonix Music Systems	Konami
Knockout Kings 2002	7.6	Electronic Arts	Electronic Arts
Manhunt	7.6	Rockstar North	Rockstar Games
Marvel vs. Capcom 2	7.6	Backbone Entertainment	Capcom
Mat Hoffman's Pro BMX 2	7.6	Rainbow Studios	Activision
Midway Arcade Treasures	7.6	Midway	Midway
MVP 06 NCAA Baseball	7.6	EA Canada	EA Sports
MVP 07 NCAA Baseball	7.6	EA Canada	Electronic Arts
MX 2002 featuring Ricky Carmichael	7.6	Pacific Coast Power & Light	THQ
MX Superfly featuring Ricky Carmichael	7.6	Pacific Coast Power & Light	THQ
NFL Blitz 20-02	7.6	Midway	Midway
NHL 07	7.6	EA Sports	EA Sports
Nobunaga's Ambition: Iron Triangle	7.6	Koei	Koei
Rayman 3: Hoodlum Havoc	7.6	Ubisoft Shanghai	Ubisoft
Second Sight	7.6	Free Radical Design	Codemasters
Shadow Hearts: From the New World	7.6	Nautilus	XSEED Games
Silent Hill 4: The Room	7.6	KCET	Konami
SingStar Amped	7.6	SCEE London Studio	SCEA
SingStar Legends	7.6	SCEE London Studio	SCEA
Sniper Elite	7.6	Rebellion	Namco
Spider-Man: The Movie	7.6	Treyarch	Activision
Suikoden V	7.6	Konami	Konami
Summoner 2	7.6	Volition Inc.	THQ
The Bard's Tale	7.6	InXile Entertainment	InXile Entertainment
Tokyo Xtreme Racer Zero	7.6	Genki	Crave
TransWorld Surf	7.6	Angel Studios	Infogrames
UEFA Euro 2004: Portugal	7.6	EA Canada	Electronic Arts
WWF SmackDown! Just Bring It	7.6	Yuke's	THQ
.hack//Infection Part 1	7.5	CyberConnect2	Bandai
Ace Combat Zero: The Belkan War	7.5	Project Aces 	Namco
Activision Anthology	7.5	Contraband Entertainment	Activision
Area 51 (2005)	7.5	Midway Studios - Austin	Midway
Armored Core 2: Another Age	7.5	From Software	Agetec
Army Men: Air Attack 2	7.5	3DO	3DO
BloodRayne	7.5	Terminal Reality	Majesco
Buzz! The Mega Quiz	7.5	Relentless Software	SCEA
Carol Vorderman's Sudoku	7.5	Empire Interactive	Eidos Interactive
Crimson Sea 2	7.5	Koei	Koei
Dynasty Warriors 2	7.5	Omega Force	Koei
Front Mission 4	7.5	Square Enix	Square Enix
Grand Theft Auto: Vice City Stories	7.5	Rockstar Leeds	Rockstar Games
Jurassic Park: Operation Genesis	7.5	Blue Tongue Entertainment	Universal Interactive
Kessen	7.5	Koei	Electronic Arts
Legacy of Kain: Defiance	7.5	Crystal Dynamics	Eidos Interactive
Mortal Kombat: Armageddon	7.5	Midway	Midway
Naruto: Ultimate Ninja	7.5	CyberConnect2	Namco Bandai Games
Naruto: Ultimate Ninja 3	7.5	CyberConnect2	Namco Bandai Games
NHL 2005	7.5	EA Sports	EA Sports
Ready 2 Rumble Boxing: Round 2	7.5	Midway	Midway
Scarface: The World Is Yours	7.5	Radical Entertainment	Vivendi Games
Shadow of Rome	7.5	Capcom	Capcom
SingStar Country	7.5	SCEE London Studio	SCEA
SkyGunner	7.5	Pixel Arts	Atlus
Stella Deus: The Gate of Eternity	7.5	Pinegrow	Atlus
Super Bust-A-Move	7.5	Taito Corporation	Acclaim
Test Drive Le Mans	7.5	Melbourne House	Infogrames
Test Drive Unlimited	7.5	Eden Studios	Atari SA
The Godfather	7.5	Page 44 Studios	Electronic Arts
The King of Fighters XI	7.5	SNK Playmore	SNK Playmore
The Sims 2	7.5	Maxis	EA Games
The SpongeBob SquarePants Movie	7.5	Heavy Iron Studios	THQ
The Suffering: Ties That Bind	7.5	Surreal Software	Midway
Transformers (2004)	7.5	Melbourne House	Atari SA
Victorious Boxers: Ippo's Road to Glory	7.5	New	Empire Interactive
Yakuza	7.5	Amusement Vision	Sega
Armored Core 3	7.4	From Software	Agetec
Atelier Iris: Eternal Mana	7.4	Gust	NIS America
Capcom Classics Collection Volume 2	7.4	Digital Eclipse	Capcom
Darkwatch	7.4	High Moon Studios	Capcom
Destroy All Humans! 2	7.4	Pandemic Studios	THQ
Destroy All Humans! (2005)	7.4	Pandemic Studios	THQ
EverQuest Online Adventures	7.4	Sony Online Entertainment	Sony Online Entertainment
Fatal Frame	7.4	Tecmo	Tecmo
Full Spectrum Warrior	7.4	Pandemic Studios	THQ
Genji: Dawn of the Samurai	7.4	Game Republic	SCEA
Headhunter	7.4	Amuze	Acclaim
Magic Pengel: The Quest for Color	7.4	Taito Corporation	Agetec
Midway Arcade Treasures 2	7.4	Backbone Entertainment	Midway
NBA Live 2001	7.4	EA Sports	EA Sports
NCAA March Madness 2003	7.4	NuFX	EA Sports
Need for Speed: Carbon	7.4	EA Canada	EA Games
Radiata Stories	7.4	Tri-Ace	Square Enix
Rocky (2002)	7.4	Rage Software	Ubisoft
Romance of the Three Kingdoms IX	7.4	Koei	Koei
Rugby 08	7.4	EA Canada	Electronic Arts
Shin Megami Tensei: Devil Summoner - Raidou Kuzunoha vs. the Soulless Army	7.4	Atlus	Atlus
Smash Court Tennis Pro Tournament 2	7.4	Namco	Namco
Spartan: Total Warrior	7.4	Creative Assembly	Sega
Steambot Chronicles	7.4	Irem	Atlus
Summoner	7.4	Volition Inc.	THQ
Tak: The Great Juju Challenge	7.4	Avalanche Software	THQ
Tiger Woods PGA Tour 2001	7.4	Stormfront Studios	EA Sports
Tourist Trophy	7.4	Polyphony Digital	SCEA
Triple Play Baseball	7.4	EA Sports	EA Sports
Ultimate Spider-Man	7.4	Treyarch	Activision
Way of the Samurai	7.4	Acquire	Bam Entertainment
2002 FIFA World Cup	7.3	EA Sports	EA Sports
Armored Core: Nexus	7.3	From Software	Agetec
Battle Engine Aquila	7.3	Lost Toys	Atari SA
Cold Winter	7.3	Swordfish Studios	VU Games
Crash: Mind Over Mutant	7.3	Radical Entertainment	Activision
Dance Dance Revolution SuperNOVA	7.3	Konami	Konami
Dead to Rights	7.3	Namco	Namco
Defender (2002)	7.3	7 Studios	Midway
Disney's Donald Duck: Goin' Quackers	7.3	Disney Interactive Studios	Ubisoft
Dragon Ball Z: Budokai Tenkaichi 2	7.3	Spike	Atari SA
Dragon Ball Z: Budokai Tenkaichi 3	7.3	Spike	Atari SA
ESPN Winter X-Games Snowboarding	7.3	Konami	Konami
EyeToy: Groove	7.3	SCEE	SCEA
FlatOut 2	7.3	Bugbear	Empire Interactive
Gauntlet: Dark Legacy	7.3	Midway	Midway
God Hand	7.3	Clover Studio	Capcom
Guilty Gear Isuka	7.3	Arc System Works	Sammy Studios
Gungriffon Blaze	7.3	Game Arts	Working Designs
I-Ninja	7.3	Argonaut Games	Namco
kill.switch	7.3	Namco	Namco
DreamWorks Kung Fu Panda	7.3	Luxoflux, Inc.	Activision
Lethal Skies II	7.3	Asmik Ace Entertainment, Inc	Sammy Studios
Lumines Plus	7.3	Q Entertainment	Buena Vista Games
Max Payne 2: The Fall of Max Payne	7.3	Remedy Entertainment	Rockstar Games
Medal of Honor: European Assault	7.3	EA LA	Electronic Arts
Mega Man X Collection	7.3	Capcom	Capcom
Mercury Meltdown	7.3	Ignition Entertainment	Ignition Entertainment
Mobile Suit Gundam: Federation vs. Zeon	7.3	Capcom	Bandai
Naruto: Ultimate Ninja 2	7.3	CyberConnect2	Namco Bandai Games
NFL Blitz 20-03	7.3	Point of View	Midway
NFL Blitz Pro	7.3	Midway	Midway
NHL 2K7	7.3	Kush Games	2K Sports
Pac-Man World 2	7.3	Namco	Namco
Pride FC: Fighting Championships	7.3	Anchor (Legacy)	THQ
Primal	7.3	SCE Studio Cambridge	SCEA
Pump It Up: Exceed	7.3	Team FreeVolt	Mastiff
007: Quantum of Solace	7.3	Treyarch	Activision
Rally Fusion: Race of Champions	7.3	Climax Studios	Activision
Real World Golf	7.3	In2Games	Mad Catz
Red Dead Revolver	7.3	Rockstar San Diego	Rockstar Games
RedCard 20-03	7.3	Midway	Midway
Rugby	7.3	Creative Assembly	Electronic Arts
Samurai Warriors	7.3	Omega Force	Koei
Shadow Hearts	7.3	Sacnoth	Midway
SingStar '90s	7.3	SCEE	SCEA
SingStar Pop	7.3	SCEE London Studio	SCEA
SingStar Queen	7.3	SCEE	SCEA
Sled Storm	7.3	Electronic Arts	EA Sports Big
Smash Court Tennis Pro Tournament	7.3	Namco	Namco
Snoopy vs. the Red Baron	7.3	Smart Bomb Interactive	Namco Bandai Games
Sonic Mega Collection Plus	7.3	Sonic Team	Sega
Soul Nomad & the World Eaters	7.3	Nippon Ichi Software	NIS America
Star Wars: Racer Revenge	7.3	Rainbow Studios	LucasArts
Super Bust-A-Move 2	7.3	Taito Corporation	Ubisoft
Test Drive	7.3	Pitbull Syndicate	Infogrames
Test Drive: Eve of Destruction	7.3	Monster Games Inc.	Atari SA
The King of Fighters 02/03	7.3	SNK Playmore	SNK Playmore
The King of Fighters '98 Ultimate Match	7.3	SNK Playmore	Ignition Entertainment
The Lord of the Rings: The Third Age	7.3	EA Games	EA Games
Tribes Aerial Assault	7.3	Inevitable Entertainment	Sierra Entertainment
Twisted Metal: Head-On - Extra Twisted Edition	7.3	Eat Sleep Play	SCEA
Urban Chaos: Riot Response	7.3	Rocksteady Studios	Eidos Interactive
Wild Arms Alter Code: F	7.3	Media.Vision	Agetec
Xenosaga Episode II: Jenseits von Gut und Bose	7.3	Monolith Soft	Namco
XIII	7.3	Southend Interactive	Ubisoft
All-Star Baseball 2005	7.2	Acclaim Studios Austin	Acclaim
Arc the Lad: Twilight of the Spirits	7.2	Cattle Call	SCEA
Bombastic	7.2	Shift	Capcom
Buffy the Vampire Slayer: Chaos Bleeds	7.2	Eurocom	VU Games
Bujingai: The Forsaken City	7.2	Taito Corporation	Bam Entertainment
Disney Golf	7.2	T&E Soft	EA Games
Dragon Ball Z: Budokai Tenkaichi	7.2	Spike	Atari SA
Dynasty Warriors 3: Xtreme Legends	7.2	Omega Force	Koei
Dynasty Warriors 4: Xtreme Legends	7.2	Omega Force	Koei
ESPN International Track & Field	7.2	KCEO	Konami
Fantavision	7.2	SCEJ	SCEA
In the Groove	7.2	Roxor Games	RedOctane
Jak and Daxter: The Lost Frontier	7.2	High Impact Games	SCEA
James Bond 007: Agent Under Fire	7.2	EA Redwood Shores	Electronic Arts
Legend of Kay	7.2	Neon Studios	Capcom
MotorStorm: Arctic Edge	7.2	Bigbig Studios	SCEA
Namco Museum (2002)	7.2	Mass Media	Namco
NBA 2K8	7.2	Visual Concepts	2K Sports
Pinball Hall of Fame: The Williams Collection	7.2	Farsight Studios	System 3
Pirates: The Legend of Black Kat	7.2	Westwood Studios	Electronic Arts
Pro Evolution Soccer 2009	7.2	KCET	Konami
Robotech: Battlecry	7.2	Vicious Cycle	TDK Mediactive
Romance of the Three Kingdoms VII	7.2	Koei	Koei
Samurai Warriors: Xtreme Legends	7.2	Omega Force	Koei
Sega SuperStars	7.2	Sonic Team	Sega
Silpheed: The Lost Planet	7.2	Treasure	Working Designs
Siren	7.2	SCE Japan Studio	SCEA
SOCOM: U.S. Navy SEALs: Combined Assault	7.2	Zipper Interactive	SCEA
Star Wars: The Clone Wars	7.2	Pandemic Studios	LucasArts
Super Dragon Ball Z	7.2	Crafts & Meister	Atari SA
Tales of Legendia	7.2	Namco	Namco
The Getaway	7.2	Team Soho	SCEA
The Red Star	7.2	XS Games	XS Games
UEFA Champions League 2006-2007	7.2	EA Canada	EA Games
Ys: The Ark of Napishtim	7.2	Konami Software Shanghai	Konami
Ar tonelico II: Melody of Metafalica	7.1	Gust	NIS America
Ar tonelico: Melody of Elemia	7.1	Gust	NIS America
Bloody Roar 3	7.1	Eighting	Activision
Brothers in Arms: Earned in Blood	7.1	Gearbox Software	Ubisoft
Buzz! Junior: Monster Rumble	7.1	FreeStyleGames	SCEE
CMT Presents: Karaoke Revolution Country	7.1	Harmonix Music Systems	Konami
Digital Hitz Factory	7.1	Jester Interactive	Jack of All Games
Disney/Pixar Cars	7.1	Rainbow Studios	THQ
Dynasty Warriors 4: Empires	7.1	Omega Force	Koei
Ecco the Dolphin: Defender of the Future	7.1	Appaloosa Interactive	Sega
EyeToy: AntiGrav	7.1	Harmonix Music Systems	SCEA
F1 Championship Season 2000	7.1	EA Sports	EA Sports
Forgotten Realms: Demon Stone	7.1	Stormfront Studios	Atari SA
G1 Jockey 3	7.1	Koei/Inis	Koei
Gallop Racer 2001	7.1	Tecmo	Tecmo
Graffiti Kingdom	7.1	Taito Corporation	Hot-B
Grandia II	7.1	Game Arts	Ubisoft
Guitar Hero 5	7.1	Neversoft Entertainment	Activision
Guitar Hero: Aerosmith	7.1	Neversoft Entertainment	Activision
Harry Potter and the Chamber of Secrets	7.1	Electronic Arts	EA Games
Hulk	7.1	Radical Entertainment	Universal Interactive
Kessen II	7.1	Koei	Koei
Major League Baseball 2K7	7.1	Kush Games	2K Sports
Metal Slug 4 & 5	7.1	BrezzaSoft	SNK Playmore
Mobile Suit Gundam: Zeonic Front	7.1	Bec	Bandai
MotoGP 4	7.1	Namco	Namco Bandai Games
NCAA College Football 2K3	7.1	Avalanche Software	Sega
P.T.O. IV: Pacific Theater of Operations	7.1	Koei	Koei
Project Eden	7.1	Core Design Ltd.	Eidos Interactive
Resident Evil Outbreak	7.1	Capcom	Capcom
RoadKill (2003)	7.1	Terminal Reality	Midway
Rogue Trooper	7.1	Rebellion	Eidos Interactive
Romance of the Three Kingdoms X	7.1	Koei	Koei
Rugby 2005	7.1	HB Studios Multimedia	EA Sports
Shinobi (2002)	7.1	Overworks	Sega
Shrek 2	7.1	Luxoflux, Inc.	Activision
SpongeBob SquarePants: Battle for Bikini Bottom	7.1	Heavy Iron Studios	THQ
Star Wars: Super Bombad Racing	7.1	Lucas Learning	Lucas Learning
State of Emergency	7.1	VIS Entertainment	Rockstar Games
Stuart Little 3: Big Photo Adventure	7.1	Magenta Software	Sega
Stuntman	7.1	Reflections Interactive	Infogrames
Stuntman: Ignition	7.1	Paradigm Entertainment	THQ
Sub Rebellion	7.1	Racjin	Metro3D
Suzuki TT Superbikes	7.1	Jester Interactive	Valcon Games
Tak 2: The Staff of Dreams	7.1	Avalanche Software	THQ
The Bigs	7.1	Blue Castle Games	2K Sports
The King of Fighters 2000/2001	7.1	SNK Playmore	SNK Playmore
The Sims 2: Castaway	7.1	Maxis	Electronic Arts
Total Overdose: A Gunslinger's Tale in Mexico	7.1	Deadline Games	Eidos Interactive
Ty the Tasmanian Tiger 2: Bush Rescue	7.1	Krome Studios	EA Games
Wild ARMs 5	7.1	Media.Vision	XSEED Games
WWE SmackDown vs. Raw 2008	7.1	Yuke's	THQ
Yourself!Fitness	7.1	Respondesign	Respondesign
.hack//Outbreak Part 3	7.0	CyberConnect2	Bandai
.hack//Quarantine Part 4	7.0	CyberConnect2	Bandai
AirBlade	7.0	Criterion Games	Namco
BloodRayne 2	7.0	Terminal Reality	Majesco
Buzz! Junior: Jungle Party	7.0	Magenta Software	SCEA
Castlevania: Curse of Darkness	7.0	Konami	Konami
Conflict: Desert Storm II - Back to Baghdad	7.0	Pivotal Games	Gotham Games
Crash of the Titans	7.0	Radical Entertainment	Sierra Entertainment
Dance Dance Revolution SuperNOVA 2	7.0	Konami	Konami
Dual Hearts	7.0	Matrix Software	Atlus
Enthusia Professional Racing	7.0	Konami	Konami
F1 Career Challenge	7.0	Electronic Arts	Electronic Arts
Fatal Fury: Battle Archives Volume 2	7.0	SNK Playmore	SNK Playmore
Ferrari F355 Challenge	7.0	TOSE	Sega
FlatOut	7.0	Bugbear	Empire Interactive
Gallop Racer 2004	7.0	Tecmo	Tecmo
Greg Hastings' Tournament Paintball Max'd	7.0	WXP	Activision
Harry Potter and the Prisoner of Azkaban	7.0	EA Games	EA Games
Hot Shots Tennis	7.0	Clap Hanz	SCEA
Killer7	7.0	Grasshopper Manufacture	Capcom
Killzone	7.0	Guerrilla	SCEA
Major League Baseball 2K6	7.0	Kush Games	2K Sports
Mana Khemia 2: Fall of Alchemy	7.0	Gust	NIS America
NBA Live 2002	7.0	Electronic Arts	Electronic Arts
NFL Street 3	7.0	EA Tiburon	EA Sports
NHL 08	7.0	EA Canada	Electronic Arts
Nobunaga's Ambition: Rise to Power	7.0	Koei	Koei
Okage: Shadow King	7.0	Zener Works	SCEA
Pitfall: The Lost Expedition	7.0	Edge of Reality	Activision
Rugby 06	7.0	EA Canada	Electronic Arts
Scaler	7.0	Artificial Mind and Movement	Global Star Software
Sega Superstars Tennis	7.0	Sumo Digital	Sega
Silent Hill: Origins	7.0	Climax Studios	Konami
SingStar Pop Vol. 2	7.0	SCEE London Studio	SCEA
Test Drive Off-Road Wide Open	7.0	Angel Studios	Infogrames
The Urbz: Sims in the City	7.0	Maxis	EA Games
Thrillville: Off the Rails	7.0	Frontier Developments	LucasArts
Tom Clancy's Ghost Recon: Jungle Storm	7.0	Red Storm Entertainment	Ubisoft
Tom Clancy's Rainbow Six 3	7.0	Ubisoft	Ubisoft
Tom Clancy's Rainbow Six: Lockdown	7.0	Red Storm Entertainment	Ubisoft
TY the Tasmanian Tiger	7.0	Krome Studios	EA Games
Wizardry: Tale of the Forsaken Land	7.0	Racjin	Atlus
Worms 3D	7.0	Team17	Acclaim
.hack//G.U. vol. 1//Rebirth	6.9	CyberConnect2	Namco Bandai Games
Clock Tower 3	6.9	Capcom	Capcom
College Hoops 2K7	6.9	2K Sports	2K Sports
Crash Nitro Kart	6.9	Vicarious Visions	Universal Interactive
Disney's Chicken Little: Ace in Action	6.9	DC Studios	Buena Vista Games
Disney's The Haunted Mansion	6.9	High Voltage Software	TDK Mediactive
Downforce (2002)	6.9	Smart Dog	Titus Software
Driver: Parallel Lines	6.9	Reflections Interactive	Atari SA
Dynasty Warriors 5	6.9	Omega Force	Koei
eJay Clubworld	6.9	Unique Development Studios	Crave
From Russia With Love	6.9	EA Redwood Shores	Electronic Arts
Gallop Racer 2006	6.9	Tecmo	Tecmo
Ghosthunter (2003)	6.9	SCE Studio Cambridge	Namco
Guitar Hero Encore: Rocks the 80s	6.9	Harmonix Music Systems	Activision
Guitar Hero: Smash Hits	6.9	Beenox	Activision
Haven: Call of the King	6.9	Traveller's Tales	Midway
Herdy Gerdy	6.9	Core Design Ltd.	Eidos Interactive
IndyCar Series	6.9	Codemasters	Codemasters
Kya: Dark Lineage	6.9	Eden Studios	Atari SA
DreamWorks Madagascar	6.9	Toys for Bob	Activision
Mana Khemia: Alchemists of Al-Revis	6.9	Gust	NIS America
Marc Ecko's Getting Up: Contents Under Pressure	6.9	The Collective	Atari SA
Mega Man X: Command Mission	6.9	Valuewave Co.,Ltd.	Capcom
MX Rider	6.9	Paradigm Entertainment	Infogrames
NBA Ballers: Phenom	6.9	Midway	Midway
One Piece: Grand Battle	6.9	Ganbarion	Bandai
Oni (2001)	6.9	Bungie	Gathering
Romance of the Three Kingdoms XI	6.9	Koei	Koei
RPG Maker 3	6.9	Runtime	Agetec
Scooby-Doo! Night of 100 Frights	6.9	Heavy Iron Studios	THQ
DreamWorks Shark Tale	6.9	Edge of Reality	Activision
Shining Force Neo	6.9	Neverland	Sega
Silent Line: Armored Core	6.9	From Software	Agetec
SingStar Rocks!	6.9	SCEE London Studio	SCEA
SNK Arcade Classics Vol. 1	6.9	SNK Playmore	SNK Playmore
Spider-Man: Web of Shadows	6.9	Shaba Games	Activision
SWAT: Global Strike Team	6.9	Argonaut Games	Sierra Entertainment
The Matrix: Path of Neo	6.9	Shiny Entertainment	Atari SA
Thrillville	6.9	Frontier Developments	LucasArts
Wild Arms 4	6.9	Media.Vision	XSEED Games
Army Men: RTS	6.8	Pandemic Studios	3DO
Atelier Iris 2: The Azoth of Destiny	6.8	Gust	NIS America
ATV Quad Power Racing 2	6.8	Climax Studios	Acclaim
Batman: Vengeance	6.8	Ubisoft	Ubisoft
Cold Fear	6.8	Darkworks	Ubisoft
Devil May Cry 2	6.8	Capcom	Capcom
Evil Dead: Regeneration	6.8	Cranky Pants Games	THQ
Fatal Fury: Battle Archives Volume 1	6.8	SNK Playmore	SNK Playmore
Gallop Racer 2003: A New Breed	6.8	Tecmo	Tecmo
Goblin Commander: Unleash the Horde	6.8	Jaleco Entertainment	Jaleco Entertainment
Grandia Xtreme	6.8	Game Arts	Enix Corporation
Gungrave: Overdose	6.8	RED Entertainment	Mastiff
Hannspree Ten Kate Honda: SBK Superbike World Championship	6.8	Milestone S.r.l	Valcon Games
Harry Potter and the Goblet of Fire	6.8	Electronic Arts	Electronic Arts
Harry Potter: Quidditch World Cup	6.8	Magic Pockets	Electronic Arts
Hunter: The Reckoning Wayward	6.8	High Voltage Software	VU Games
Ice Age 2: The Meltdown	6.8	Eurocom	Vivendi Games
Juiced	6.8	Juice Games	THQ
Justice League Heroes	6.8	Snowblind Studios	Warner Bros. Interactive Entertainment
Kingdom Hearts Re:Chain of Memories	6.8	Jupiter Corporation	Square Enix
Medal of Honor: Rising Sun	6.8	EA LA	EA Games
Mega Man X8	6.8	Valuewave Co.,Ltd.	Capcom
Monster Hunter	6.8	Capcom	Capcom
NASCAR (2006)	6.8	EA Tiburon	EA Sports
NBA Live 08	6.8	EA Canada	EA Sports
Nightshade (2003)	6.8	Overworks	Sega
Phantasy Star Universe	6.8	Sonic Team	Sega
Pipe Mania	6.8	Razorworks	Empire Interactive
Rise of the Kasai	6.8	BottleRocket Entertainment	SCEA
Rise to Honor	6.8	SCE Foster City Studio	SCEA
Sega Bass Fishing Duel	6.8	Wow Entertainment	Sega
Shadow Man: 2econd Coming	6.8	Acclaim Studios Teeside	Acclaim
Star Wars: The Force Unleashed	6.8	LucasArts	LucasArts
Suikoden Tactics	6.8	Konami	Konami
Taito Legends	6.8	Empire Oxford	Sega
Tak and the Power of Juju	6.8	Avalanche Software	THQ
Terminator 3: The Redemption	6.8	Paradigm Entertainment	Atari SA
The Chronicles of Narnia: The Lion, The Witch and The Wardrobe	6.8	Traveller's Tales	Buena Vista Games
The Punisher	6.8	Volition Inc.	THQ
The Simpsons Game	6.8	EA Redwood Shores	EA Games
The Sims 2: Pets	6.8	Maxis	EA Games
Ty the Tasmanian Tiger 3: Night of the Quinkan	6.8	Krome Studios	Activision Value
Ultimate Fighting Championship: Throwdown	6.8	Opus	Crave
Unison: Rebels of Rhythm & Dance	6.8	Tecmo	Tecmo
Wallace & Gromit: The Curse of the Were-Rabbit	6.8	Frontier Developments	Konami
World Series of Poker: Tournament of Champions	6.8	Left Field Productions	Activision
World Tour Soccer 2005	6.8	SCEE London Studio	989 Sports
XGRA: Extreme G Racing Association	6.8	Acclaim Studios Cheltenham	Acclaim
BeatMania (1998)	6.7	Konami	Konami
Blood Omen 2	6.7	Nixxes Software	Eidos Interactive
Blood Will Tell	6.7	Sega	Sega
Castle Shikigami 2	6.7	Alfa System	XS Games
Commandos 2: Men of Courage	6.7	Pyro Studios	Eidos Interactive
Dark Summit	6.7	Radical Entertainment	THQ
Disney/Pixar Cars Mater-National Championship	6.7	Rainbow Studios	THQ
Disney*Pixar WALL-E	6.7	Heavy Iron Studios	THQ
Disney's Meet the Robinsons	6.7	Buena Vista Games	Buena Vista Games
Dragon Ball Z: Budokai	6.7	Dimps Corporation	Infogrames
Extermination	6.7	Deep Space	SCEA
Fisherman's Challenge	6.7	Konami	Konami
Freestyle Metal X	6.7	Deibus Studios	Midway
Fullmetal Alchemist 2: Curse of the Crimson Elixir	6.7	Racjin	Square Enix
Gadget Racers	6.7	Barnhouse Effect	Conspiracy Entertainment
Haunting Ground	6.7	Capcom	Capcom
Just Cause	6.7	Avalanche Studios	Eidos Interactive
K-1 World Grand Prix	6.7	Konami	Konami
Legaia 2: Duel Saga	6.7	Prokion	Eidos Interactive
Lupin the 3rd: Treasure of the Sorcerer King	6.7	Banpresto	Bandai
Madden NFL 09	6.7	EA Tiburon	Electronic Arts
Manhunt 2	6.7	Rockstar Toronto	Rockstar Games
Midway Arcade Treasures 3	6.7	Digital Eclipse	Midway
MLB Power Pros 2008	6.7	Konami	2K Sports
Mystic Heroes	6.7	Koei	Koei
Naval Ops: Warship Gunner	6.7	Micro Cabin	Koei
NBA Jam (2003)	6.7	Acclaim Studios Austin	Acclaim
NFL Quarterback Club 2002	6.7	Acclaim Studios Austin	Acclaim
NHL 2K8	6.7	Kush Games	Take-Two Interactive
Outlaw Tennis	6.7	Hypnotix	Global Star Software
PaRappa the Rapper 2	6.7	NanaOn-Sha	SCEA
DreamWorks Shrek SuperSlam	6.7	Shaba Games	Activision
Smash Cars	6.7	Creat Studios	Metro3D
Taito Legends 2	6.7	Empire Oxford	Destineer
Technic Beat	6.7	Arika	Mastiff
The Chronicles of Narnia: Prince Caspian	6.7	Traveller's Tales	Disney Interactive Studios
The King of Fighters Collection: The Orochi Saga	6.7	M2	SNK Playmore
The Operative: No One Lives Forever	6.7	Monolith Productions	Fox Interactive
The X-Files: Resist or Serve	6.7	Black Ops Entertainment	Sierra Entertainment
Top Spin	6.7	Pam Development	Microsoft Game Studios
Tsugunai: Atonement	6.7	Cattle Call	Atlus
Wallace & Gromit in Project Zoo	6.7	Frontier Developments	Bam Entertainment
World Championship Poker 2: Featuring Howard Lederer	6.7	Point of View	Crave
Aeon Flux	6.6	Terminal Reality	Majesco
AirForce Delta Strike	6.6	KCE Studios	Konami
Aliens Versus Predator: Extinction	6.6	Zono Inc.	EA Games
Arena Football (2006)	6.6	EA Tiburon	EA Sports
Arthur and the Invisibles	6.6	Etranges Libellules	Atari SA
Atari Anthology	6.6	Digital Eclipse	Atari SA
Auto Modellista	6.6	Capcom	Capcom
Battlestar Galactica (2003)	6.6	Warthog	Universal Interactive
College Hoops 2K8	6.6	Visual Concepts	2K Sports
Crash Bandicoot: The Wrath of Cortex	6.6	Traveller's Tales	Universal Interactive
Crash Tag Team Racing	6.6	Radical Entertainment	VU Games
Disaster Report	6.6	Irem	Agetec
Dragon Ball Z: Budokai 2	6.6	Dimps Corporation	Atari SA
Duel Masters	6.6	High Voltage Software	Atari SA
Freaky Flyers	6.6	Midway	Midway
Ghost in the Shell: Stand Alone Complex (2004)	6.6	Cavia Inc.	Bandai
Gretzky NHL 2005	6.6	Page 44 Studios	SCEA
Jet X2O	6.6	Killer Game	SCEA
Juiced 2: Hot Import Nights	6.6	Juice Games	THQ
Magna Carta: Tears of Blood	6.6	SoftMax	Atlus
Mobile Suit Gundam: Encounters in Space	6.6	Bec	Bandai
NASCAR 2001	6.6	EA Sports	EA Sports
NeoGeo Battle Coliseum	6.6	SNK Playmore	SNK Playmore
NFL Head Coach	6.6	EA Tiburon	EA Sports
One Piece: Grand Adventure	6.6	Ganbarion	Namco Bandai Games
R: Racing Evolution	6.6	Namco	Namco
Return to Castle Wolfenstein	6.6	Nerve Software	Activision
Rumble Roses	6.6	Yuke's	Konami
S.L.A.I.: Steel Lancer Arena International	6.6	Genki	Konami
Samurai Champloo: Sidetracked	6.6	Grasshopper Manufacture	Namco Bandai Games
Sega Soccer Slam	6.6	EA Black Box	Sega
Sonic Unleashed	6.6	Sonic Team	Sega
Super Trucks Racing	6.6	Jester Interactive	XS Games
The Bouncer	6.6	DreamFactory	Square EA
The King of Fighters 2006	6.6	SNK Playmore	SNK Playmore
Time Crisis: Crisis Zone	6.6	TOSE	Namco
Tokobot Plus: Mysteries of the Karakuri	6.6	Tecmo	Tecmo
Whiplash	6.6	Crystal Dynamics	Eidos Interactive
WinBack: Covert Operations	6.6	Omega Force	Koei
Brave: The Search for Spirit Dancer	6.5	VIS Entertainment	SouthPeak Games
Chaos Legion	6.5	Capcom	Capcom
Disney/Pixar Ratatouille	6.5	Asobo Studio	THQ
DreamWorks Bee Movie Game	6.5	Beenox	Activision
ESPN NFL PrimeTime 2002	6.5	Farsight Technologies	Konami
Eternal Poison	6.5	Flight-Plan	Atlus
Flow: Urban Dance Uprising	6.5	Artificial Mind and Movement	Ubisoft
Gladiator: Sword of Vengeance	6.5	Acclaim Studios Manchester	Acclaim
Gungrave	6.5	RED Entertainment	Sega
Indiana Jones and the Emperor's Tomb	6.5	The Collective	LucasArts
Mad Maestro!	6.5	Desert Productions	Eidos Interactive
Mafia	6.5	Illusion Softworks	Gathering
Mister Mosquito	6.5	Zoom	Eidos Interactive
MS Saga: A New Dawn	6.5	Bec	Bandai
Naval Ops: Commander	6.5	Micro Cabin	Koei
Neo Contra	6.5	KCET	Konami
NFL GameDay 2004	6.5	989 Sports	SCEA
Obscure	6.5	Hydravision	DreamCatcher Interactive
Onimusha Blade Warriors	6.5	Capcom	Capcom
Q-Ball: Billiards Master	6.5	Ornith	Take-Two Interactive
Resident Evil: Dead Aim	6.5	Cavia Inc.	Capcom
Rocky: Legends	6.5	Venom Games	Ubisoft
RPG Maker II	6.5	Kuusou Kagaku	Agetec
Serious Sam: Next Encounter	6.5	Climax Studios	Global Star Software
Star Wars: Bounty Hunter	6.5	LucasArts	LucasArts
Stretch Panic	6.5	Treasure	Conspiracy Entertainment
Summer Heat Beach Volleyball	6.5	Acclaim Studios Cheltenham	Acclaim
Syphon Filter: The Omega Strain	6.5	Sony Bend	SCEA
Taz Wanted	6.5	Blitz Games	Infogrames
The Adventures of Jimmy Neutron Boy Genius: Attack of the Twonkies	6.5	THQ	THQ
The Grim Adventures of Billy & Mandy	6.5	High Voltage Software	Midway
Thunderstrike: Operation Phoenix	6.5	Core Design Ltd.	Eidos Interactive
Tiger Woods PGA Tour 08	6.5	EA Salt Lake	EA Sports
Tim Burton's The Nightmare Before Christmas: Oogie's Revenge	6.5	TOSE	Buena Vista Games
Tony Hawk's Proving Ground	6.5	Neversoft Entertainment	Activision
Triple Play 2002	6.5	Pandemic Studios	Electronic Arts
Vampire Night	6.5	Wow Entertainment	Namco
World Destruction League: Thunder Tanks	6.5	3DO	3DO
4x4 Evolution	6.4	Terminal Reality	Gathering
Aero Elite: Combat Academy	6.4	Sega AM2	Sega
Alias (2004)	6.4	Acclaim Studios Cheltenham	Acclaim
Batman Begins	6.4	Eurocom	EA Games
Chaos Wars	6.4	Idea Factory	O3 Entertainment
Crash Twinsanity	6.4	Traveller's Tales Oxford Studio	VU Games
Devil Kings	6.4	Capcom	Capcom
Dog's Life	6.4	Frontier Developments	Hip Games
DreamWorks Monsters vs. Aliens	6.4	Beenox	Activision
Egg Mania: Eggstreme Madness	6.4	Kemco	Kemco
ESPN Winter X-Games Snowboarding 2002	6.4	Konami	Konami
Fallout: Brotherhood of Steel	6.4	Interplay	Interplay
Fantastic 4	6.4	7 Studios	Activision
Fire Blade	6.4	Kuju Entertainment	Midway
Flipnic: Ultimate Pinball	6.4	SCEI	Capcom
Forever Kingdom	6.4	From Software	Agetec
Fur Fighters: Viggo's Revenge	6.4	Bizarre Creations	Acclaim
Ghostbusters: The Video Game	6.4	Terminal Reality	Atari SA
Global Touring Challenge: Africa	6.4	Rage Software	Majesco
Gradius III and IV	6.4	KCET	Konami
Heroes of Might and Magic: Quest for the Dragon Bone Staff	6.4	New World Computing	3DO
Intellivision Lives! (2010)	6.4	Realtime Associates	Crave
King of Fighters: Maximum Impact	6.4	SNK Playmore	SNK Playmore
Micro Machines V4	6.4	Supersonic Software	Codemasters
Mission: Impossible: Operation Surma	6.4	Paradigm Entertainment	Atari SA
Musashi: Samurai Legend	6.4	Square Enix	Square Enix
Rayman Raving Rabbids	6.4	Ubisoft Montpellier	Ubisoft
Shaun Palmer's Pro Snowboarder	6.4	Dearsoft	Activision
Shining Force EXA	6.4	Neverland	Sega
Silent Scope 2: Dark Silhouette	6.4	KCET	Konami
SingStar Abba	6.4	SCEE London Studio	SCEA
Sonic Heroes	6.4	Sonic Team	Sega
Street Fighter EX3	6.4	Arika	Capcom
Superman: Shadow of Apokolips	6.4	Infogrames Sheffield	Infogrames
The Legend of Spyro: A New Beginning	6.4	Krome Studios	Sierra Entertainment
The Simpsons: Road Rage	6.4	Radical Entertainment	Electronic Arts
The Spiderwick Chronicles	6.4	Stormfront Studios	Sierra Entertainment
Van Helsing	6.4	Saffire	VU Games
Warhammer 40,000: Fire Warrior	6.4	Kuju Entertainment	THQ
Wild Wild Racing	6.4	Rage Software	Interplay
Woody Woodpecker: Escape from Buzz Buzzard Park	6.4	EKO Software	DreamCatcher Interactive
Wrath Unleashed	6.4	Double Helix Games	LucasArts
X-Squad	6.4	Square EA	Electronic Arts
Atelier Iris 3: Grand Phantasm	6.3	Gust	NIS America
Barbarian	6.3	Saffire	Titus Software
Batman: Rise of Sin Tzu	6.3	Ubisoft Montreal	Ubisoft
Black & Bruised	6.3	Digital Fiction	Majesco
Britney's Dance Beat	6.3	Metro Graphics	THQ
City Crisis	6.3	Syscom	Take-Two Interactive
Crash 'N' Burn	6.3	Climax Studios	Eidos Interactive
Digimon Rumble Arena 2	6.3	Black Ship Games	Bandai
Disney/Pixar Finding Nemo	6.3	Traveller's Tales	THQ
Drakengard	6.3	Cavia Inc.	Square Enix
Firefighter F.D. 18	6.3	KCET	Konami
Harvey Birdman: Attorney at Law	6.3	High Voltage Software	Capcom
Innocent Life: A Futuristic Harvest Moon	6.3	ArtePiazza	Natsume
Island Xtreme Stunts	6.3	Silicon Dreams	Lego Media
Lemony Snicket's A Series of Unfortunate Events	6.3	Adrenium	Activision
Medal of Honor: Vanguard	6.3	Electronic Arts	Electronic Arts
MetropolisMania	6.3	Indi	Natsume
Mojo!	6.3	Farsight Studios	Crave
NBA 06	6.3	SCEA Sports Studio	SCEA
NBA 07	6.3	SCEA	SCEA
NBA Hoopz	6.3	Eurocom	Midway
NBA Live 07	6.3	EA Sports	EA Sports
NCAA March Madness 07	6.3	EA Canada	EA Sports
Outlaw Golf 2	6.3	Hypnotix	Global Star Software
Pac-Man World 3	6.3	Blitz Games	Namco
Pinball Hall of Fame: The Gottlieb Collection	6.3	Farsight Studios	Crave
ProStroke Golf - World Tour 2007	6.3	Gusto Games	Oxygen Interactive
Raw Danger!	6.3	Irem	Agetec
Rayman Arena	6.3	Ubisoft	Ubisoft
Seek and Destroy	6.3	Barnhouse Effect	Conspiracy Entertainment
Silent Scope	6.3	KCET	Konami
Stacked with Daniel Negreanu	6.3	5000ft Inc.	Myelin Media
Suikoden IV	6.3	KCET	Konami
Tokyo Xtreme Racer 3	6.3	Genki	Crave
Tom & Jerry in War of the Whiskers	6.3	VIS Entertainment	NewKidCo
Tom Clancy's Ghost Recon	6.3	Red Storm Entertainment	Ubisoft
Top Gun: Combat Zones	6.3	Titus Software	Titus Software
Vexx	6.3	Acclaim Studios Austin	Acclaim
Worms Forts: Under Siege	6.3	Team17	Sega
24: The Game	6.2	SCE Studio Cambridge	2K Games
Alter Echo	6.2	Outrage Games	THQ
Arena Football: Road to Glory	6.2	BudCat	EA Sports
Big Mutha Truckers	6.2	Eutechnyx	THQ
Buzz! Junior: RoboJam	6.2	Magenta Software	SCEA
Conflict: Global Terror	6.2	Pivotal Games	2K Games
Crimson Tears	6.2	DreamFactory	Capcom
Disney/Pixar The Incredibles	6.2	Heavy Iron Studios	THQ
Dynasty Warriors 5 Empires	6.2	Omega Force	Koei
El Tigre: The Adventures of Manny Rivera	6.2	Blue Tongue Entertainment	THQ
Enter the Matrix	6.2	Shiny Entertainment	Infogrames
ESPN International Winter Sports 2002	6.2	Konami	Konami
ESPN NBA 2Night	6.2	Konami	Konami
Eternal Ring	6.2	From Software	Agetec
Godzilla: Save the Earth	6.2	Pipeworks Software, Inc.	Atari SA
Gretzky NHL 06	6.2	Page 44 Studios	SCEA
Headhunter: Redemption	6.2	Amuze	Sega
Hot Wheels: Stunt Track Challenge	6.2	Climax Studios	THQ
Jeopardy! (1998)	6.2	Artech Studios	Atari SA
Kengo: Master of Bushido	6.2	Light Weight	Crave
Looney Tunes: Space Race	6.2	Melbourne House	Infogrames
Mace Griffin Bounty Hunter	6.2	Warthog	Black Label Games
Metal Saga	6.2	Crea-Tech	Atlus
MotoGP 07 (2007)	6.2	Milestone S.r.l	Capcom
Naruto: Uzumaki Chronicles	6.2	Racjin	Namco Bandai Games
NBA ShootOut 2003	6.2	989 Sports	SCEA
Need for Speed: ProStreet	6.2	EA Black Box	EA Games
Nickelodeon Barnyard	6.2	Blue Tongue Entertainment	THQ
Ratchet & Clank: Size Matters	6.2	High Impact Games	SCEA
Spider-Man: Friend or Foe	6.2	Next Level Games	Activision
Street Hoops	6.2	Black Ops Entertainment	Activision
Street Racing Syndicate	6.2	Eutechnyx	Namco
Top Gear: Dare Devil	6.2	Papaya Studio	Kemco
Warship Gunner 2	6.2	Micro Cabin	Koei
Wave Rally	6.2	Opus	Eidos Interactive
Yu-Gi-Oh! Capsule Monster Coliseum	6.2	WinkySoft	Konami
.hack//G.U. vol. 2//Reminisce	6.1	CyberConnect2	Namco Bandai Games
18 Wheeler: American Pro Trucker	6.1	Acclaim Studios Cheltenham	Acclaim
Ape Escape: Pumped & Primed	6.1	SCEI	Ubisoft
Athens 2004	6.1	Eurocom	SCEA
Big Idea's VeggieTales: LarryBoy and the Bad Apple	6.1	Papaya Studio	Crave
Dance Dance Revolution: Disney Channel Edition	6.1	Keen Games	Konami
Dokapon Kingdom	6.1	Sting	Atlus
Future Tactics: The Uprising	6.1	Warthog	Crave
Galactic Wrestling: Featuring Ultimate Muscle	6.1	Aki Corp.	Bandai
Harry Potter and the Order of the Phoenix	6.1	EA Games	EA Games
Jim Henson's Muppets Party Cruise	6.1	Mass Media	TDK Mediactive
Lifeline (2004)	6.1	SCEJ	Konami
MLB 2004	6.1	989 Sports	SCEA
Namco Museum 50th Anniversary	6.1	Backbone Vancouver	Namco
NCAA GameBreaker 2004	6.1	989 Sports	SCEA
Neopets: The Darkest Faerie	6.1	Idol Minds	SCEA
Raiden III	6.1	Moss	UFO Interactive
Rogue Ops	6.1	Bits Studios	Kemco
Rugby 2004	6.1	HB Studios Multimedia	EA Sports
Scooby-Doo! Unmasked	6.1	Artificial Mind and Movement	THQ
Secret Agent Clank	6.1	High Impact Games	SCEA
Shining Tears	6.1	Nex Entertainment	Sega
Silent Scope 3	6.1	KCET	Konami
Soccer Mania	6.1	Silicon Dreams	Lego Media
Speed Kings	6.1	Climax Studios	Acclaim
Spy Fiction	6.1	Access Games	Sammy Studios
Sunny Garcia Surfing	6.1	Krome Studios	Ubisoft
The Fairly OddParents! Shadow Showdown	6.1	THQ	THQ
TMNT	6.1	Ubisoft Montreal	Ubisoft
Turok: Evolution	6.1	Acclaim Studios Austin	Acclaim
Victorious Boxers 2: Fighting Spirit	6.1	Grandprix Inc.	Empire Interactive
X-Men: Next Dimension	6.1	Paradox Development	Activision
.hack//G.U. vol. 3//Redemption	6.0	CyberConnect2	Namco Bandai Games
Art of Fighting Anthology	6.0	SNK Playmore	SNK Playmore
Baroque	6.0	Sting	Atlus
Bratz: Rock Angelz	6.0	Blitz Games	THQ
Disney/Pixar The Incredibles: Rise of the Underminer	6.0	Heavy Iron Studios	THQ
Disney's Chicken Little	6.0	Avalanche Software	Buena Vista Games
Echo Night Beyond	6.0	From Software	Agetec
GoldenEye: Rogue Agent	6.0	EA LA	EA Games
Growlanser: Heritage of War	6.0	Career Soft	Atlus
Heatseeker	6.0	IR Gurus	Codemasters
King's Field: The Ancient City	6.0	From Software	Agetec
Leisure Suit Larry: Magna Cum Laude	6.0	High Voltage Software	VU Games
NFL GameDay 2003	6.0	989 Sports	SCEA
Ninja Assault	6.0	Namco	Namco
Obscure: The Aftermath	6.0	Hydravision	Ignition Entertainment
Risk: Global Domination (2003)	6.0	Cyberlore Studios	Atari SA
Spyro: A Hero's Tail	6.0	Eurocom	VU Games
Star Wars Episode III: Revenge of the Sith	6.0	Double Helix Games	LucasArts
Starsky & Hutch	6.0	Supersonic Software	Gotham Games
Surf's Up	6.0	Ubisoft	Ubisoft
The Fairly OddParents! Breakin' Da Rules	6.0	Blitz Games	THQ
Trapt	6.0	Paon Corporation	Tecmo
True Crime: New York City	6.0	Luxoflux, Inc.	Activision
Urban Reign	6.0	Namco	Namco
World Championship Poker: Deluxe Series	6.0	Coresoft	Crave
World Championship Pool 2004	6.0	Blade Interactive	Jaleco Entertainment
World Poker Tour (2005)	6.0	Coresoft	2K Sports
Wreckless: The Yakuza Missions	6.0	Bunkasha Publishing	Activision
Arc the Lad: End of Darkness	5.9	Cattle Call	Namco
Armored Core: Last Raven	5.9	From Software	Agetec
Asterix & Obelix: Kick Buttix	5.9	Etranges Libellules	Atari SA
Avatar: The Last Airbender	5.9	AWE Games	THQ
Bloody Roar 4	5.9	Eighting	Hudson
Cabela's Big Game Hunter	5.9	Sand Grain Studios	Activision
Castle of Shikigami	5.9	Alfa System	XS Games
Disney's Stitch: Experiment 626	5.9	High Voltage Software	SCEA
Disney's Tarzan Untamed	5.9	Ubisoft Montreal	Ubisoft
ESPN NBA 2Night 2002	5.9	Konami	Konami
Everblue 2	5.9	Arika	Capcom
Evergrace	5.9	From Software	Agetec
FIFA Street	5.9	EA Canada	EA Sports Big
FIFA Street 2	5.9	EA Canada	EA Sports Big
Finny the Fish & the Seven Waters	5.9	SCEI	Natsume
Frogger's Adventures: The Rescue	5.9	Konami	Konami
Futurama	5.9	Unique Development Studios	VU Games
Gauntlet: Seven Sorrows	5.9	Midway	Midway
King Arthur	5.9	Krome Studios	Konami
Legends of Wrestling II	5.9	Acclaim Studios Salt Lake City	Acclaim
Lethal Skies Elite Pilot: Team SW	5.9	Bit Town	Sammy Studios
Monster House	5.9	Artificial Mind and Movement	THQ
Motor Mayhem: Vehicular Combat League	5.9	Beyond Games	Infogrames
NBA 08	5.9	SCEA San Diego Studios	SCEA
Nicktoons: Battle for Volcano Island	5.9	Blue Tongue Entertainment	THQ
Playboy: The Mansion	5.9	Cyberlore Studios	Arush Entertainment
Pryzm Chapter One: The Dark Unicorn	5.9	Digital Illusions	TDK Mediactive
Rapala Pro Fishing	5.9	FUN Labs	Activision Value
Riding Spirits	5.9	Spike	Bam Entertainment
Robin Hood: Defender of the Crown	5.9	Cinemaware	Capcom
Rule of Rose	5.9	Punchline	Atlus
Samurai Jack: The Shadow of Aku	5.9	Adrenium	Sega
Soccer America	5.9	Taito Corporation	Hot-B
Soldier of Fortune: Gold Edition	5.9	Pipe Dream Interactive	Majesco
SpongeBob SquarePants: Lights, Camera, Pants!	5.9	THQ Studio Australia	THQ
Teenage Mutant Ninja Turtles (2003)	5.9	KCE Studios	Konami
The Fast and the Furious (2006)	5.9	Eutechnyx	Namco Bandai Games
The Hobbit: The Prelude to the Lord of the Rings	5.9	Inevitable Entertainment	Sierra Entertainment
The Lord of the Rings: The Fellowship of the Ring	5.9	WXP	Black Label Games
Tokyo Xtreme Racer DRIFT	5.9	Genki	Crave
Tony Hawk's Downhill Jam	5.9	Toys for Bob	Activision
Total Immersion Racing	5.9	Razorworks	Empire Interactive
WarJetz	5.9	3DO	3DO
Way of the Samurai 2	5.9	Acquire	Capcom
Yu-Gi-Oh! The Duelists of the Roses	5.9	Konami	Konami
BlowOut	5.8	Terminal Reality	Majesco
CART Fury Championship Racing	5.8	Gratuitous Games	Midway
Casper: Spirit Dimensions	5.8	Lucky Chicken	TDK Mediactive
Commandos Strike Force	5.8	Pyro Studios	Eidos Interactive
Conflict: Vietnam	5.8	Pivotal Games	Global Star Software
Constantine (2005)	5.8	Bits Studios	THQ
Delta Force: Black Hawk Down	5.8	Climax Studios	NovaLogic
Drakengard 2	5.8	Cavia Inc.	Ubisoft
DreamWorks Over the Hedge	5.8	Edge of Reality	Activision
Eagle Eye Golf	5.8	Nippon Telenet	Aksys Games
ESPN X Games Skateboarding	5.8	KCEO	Konami
Fighter Maker 2	5.8	Enterbrain	Agetec
Ford Mustang: The Legend Lives	5.8	Eutechnyx	2K Games
Jackass the Game	5.8	Sidhe Interactive	Red Mile Entertainment
Kao the Kangaroo Round 2	5.8	Tate Interactive	Atari SA
L.A. Rush	5.8	Midway	Midway
Lego Racers 2	5.8	Attention To Detail	Lego Media
Mega Man X7	5.8	Valuewave Co.,Ltd.	Capcom
Mobile Suit Gundam: Journey to Jaburo	5.8	Bec	Bandai
Monster Rancher EVO	5.8	Tecmo	Tecmo
NBA ShootOut 2004	5.8	989 Sports	SCEA
Resident Evil Outbreak File #2	5.8	Capcom	Capcom
Ribbit King	5.8	Infinity	Bandai
RLH: Run Like Hell	5.8	Digital Mayhem	Interplay
Romancing SaGa	5.8	Square Enix	Square Enix
Samurai Warriors 2	5.8	Omega Force	Koei
Samurai Western	5.8	Acquire	Atlus
SD Gundam Force: Showdown!	5.8	Tom Create	Bandai
ShellShock: Nam '67	5.8	Guerrilla	Eidos Interactive
Tenchu: Fatal Shadows	5.8	K2 LLC	Sega
The Terminator: Dawn of Fate	5.8	Paradigm Entertainment	Atari SA
TNA iMPACT!	5.8	Midway Studios - Los Angeles	Midway
Tom Clancy's Ghost Recon 2	5.8	Red Storm Entertainment	Ubisoft
Whirl Tour	5.8	Papaya Studio	VU Games
X2: Wolverine's Revenge	5.8	GenePool	Activision
Yanya Caballista: City Skater	5.8	Cave	Koei
Armored Core: Nine Breaker	5.7	From Software	Agetec
BASS Strike	5.7	THQ	THQ
Cabela's Dangerous Hunts	5.7	FUN Labs	Activision Value
Capcom Fighting Evolution	5.7	Capcom	Capcom
Chulip	5.7	Punchline	Natsume
Corvette	5.7	Steel Monkeys	Global Star Software
Dawn of Mana	5.7	Square Enix	Square Enix
Destruction Derby Arenas	5.7	Studio 33	Gathering
Dirge of Cerberus: Final Fantasy VII	5.7	Square Enix	Square Enix
DRIV3R	5.7	Reflections Interactive	Atari SA
Drome Racers	5.7	Attention To Detail	Lego Media
Dynasty Warriors 5: Xtreme Legends	5.7	Omega Force	Koei
Endgame	5.7	Cunning Developments	Empire Interactive
EOE: Eve of Extinction	5.7	Yuke's	Eidos Interactive
Iridium Runners	5.7	Playstos Entertainment	SouthPeak Games
Kuon	5.7	From Software	Agetec
Mobile Suit Gundam: Gundam vs. Zeta Gundam	5.7	Capcom	Bandai America Inc.
Myst III: Exile	5.7	Presto Studios	Ubisoft
NCAA Final Four 2003	5.7	Killer Game	SCEA
NCAA GameBreaker 2001	5.7	989 Sports	SCEA
NHL FaceOff 2001	5.7	SolWorks	SCEA
Open Season	5.7	Ubisoft	Ubisoft
Outlaw Volleyball Remixed	5.7	Hypnotix	Global Star Software
Robotech: Invasion	5.7	Vicious Cycle	Global Star Software
Ruff Trigger: The Vanocore Conspiracy	5.7	Playstos Entertainment	Natsume
Spy Hunter 2	5.7	Angel Studios	Midway
Supercar Street Challenge	5.7	Exakt	Activision
The Getaway: Black Monday	5.7	SCEE London Studio	SCEA
The Great Escape (2003)	5.7	Pivotal Games	Gotham Games
The King of Fighters NeoWave	5.7	SNK Playmore	SNK Playmore
The King of Route 66	5.7	TOSE	Sega
The Nightmare of Druaga	5.7	Arika	Namco
Astro Boy: The Video Game	5.6	High Voltage Software	D3Publisher
Colosseum: Road to Freedom	5.6	Goshow	Koei
Dance Factory	5.6	Broadsword Interactive	Codemasters
Dr. Seuss' The Cat in the Hat	5.6	Digital Eclipse	VU Games
Fullmetal Alchemist and the Broken Angel	5.6	Racjin	Square Enix
Harry Potter and the Sorcerer's Stone	5.6	Warthog	EA Games
High School Musical: Sing It!	5.6	Artificial Mind and Movement	Disney Interactive Studios
DreamWorks Madagascar: Escape 2 Africa	5.6	Toys for Bob	Activision
MLB SlugFest 2006	5.6	Blue Shift	Midway
NASCAR 08	5.6	EA Tiburon	EA Sports
Reign of Fire	5.6	Kuju Entertainment	Bam Entertainment
Savage Skies	5.6	iRock Interactive	Bam Entertainment
DreamWorks Shrek the Third	5.6	7 Studios	Activision
Sonic Riders: Zero Gravity	5.6	Sonic Team	Sega
Spawn: Armageddon	5.6	Point of View	Namco
SpongeBob SquarePants: Creature from the Krusty Krab	5.6	Blitz Games	THQ
Spyro: Enter the Dragonfly	5.6	Check Six Games	Universal Interactive
Teen Titans	5.6	Artificial Mind and Movement	THQ
Transformers: The Game	5.6	Traveller's Tales	Activision
Walt Disney's The Jungle Book: Rhythm N'Groove	5.6	Ubisoft Shanghai	Ubisoft
World Tour Soccer 2006	5.6	SCEE London Studio	SCEA
WWE Crush Hour	5.6	Pacific Coast Power & Light	THQ
Yu Yu Hakusho: Dark Tournament	5.6	Digital Fiction	Atari SA
Zapper	5.6	Blitz Games	Infogrames
Zatch Bell! Mamodo Battles	5.6	Eighting	Bandai
Cabela's Big Game Hunter 2005 Adventures	5.5	FUN Labs	Activision Value
Conflict: Desert Storm	5.5	Pivotal Games	Gotham Games
Dance Dance Revolution X	5.5	Konami	Konami
Driving Emotion Type-S	5.5	Escape	Square EA
Evil Dead: A Fistful of Boomstick	5.5	VIS Entertainment	THQ
Hot Wheels: World Race	5.5	Climax Studios	THQ
IGPX: Immortal Grand Prix	5.5	Sting	Namco Bandai Games
Indiana Jones and the Staff of Kings	5.5	Artificial Mind and Movement	LucasArts
Legends of Wrestling	5.5	Acclaim Studios Salt Lake City	Acclaim
NCAA Basketball 09	5.5	EA Canada	Electronic Arts
NHL FaceOff 2003	5.5	989 Sports	SCEA
Samurai Warriors 2 Empires	5.5	Omega Force	Koei
Scooby-Doo! Mystery Mayhem	5.5	Artificial Mind and Movement	THQ
Showdown: Legends of Wrestling	5.5	Acclaim Studios Austin	Acclaim
Sonic Riders	5.5	Sonic Team	Sega
The Italian Job	5.5	Climax Studios	Eidos Interactive
Under the Skin	5.5	Capcom	Capcom
Warriors Orochi	5.5	Omega Force	Koei
Army Men: Sarge's Heroes 2	5.4	3DO	3DO
Astro Boy	5.4	Sonic Team	Sega
BMX XXX	5.4	Z-Axis, Ltd.	Acclaim
Combat Elite: WWII Paratroopers	5.4	BattleBorne	SouthPeak Games
Cyber Troopers Virtual-On Marz	5.4	Hitmaker	Sega
Disney Pirates of the Caribbean: At World's End	5.4	Eurocom	Disney Interactive Studios
Eureka Seven Vol. 1: The New Wave	5.4	Bec	Namco Bandai Games
Frogger: Ancient Shadow	5.4	Hudson Soft	Konami
Ghost Rider	5.4	Climax Studios	2K Games
Hot Wheels: Velocity X	5.4	Beyond Games	THQ
Micro Machines (2003)	5.4	Infogrames Sheffield	Infogrames
NBA ShootOut 2001	5.4	989 Sports	SCEA
NCAA March Madness 2002	5.4	NuFX	EA Sports
Orphen: Scion of Sorcery	5.4	Shade	Activision
Pac-Man World Rally	5.4	Smart Bomb Interactive	Namco Bandai Games
Power Drome	5.4	Argonaut Games	Mud Duck Productions
Real Pool	5.4	Astroll	Infogrames
Shaman King: Power of Spirit	5.4	WinkySoft	Konami
Star Trek: Conquest	5.4	4J Studios	Bethesda Softworks
The Da Vinci Code	5.4	The Collective	2K Games
The Legend of Spyro: The Eternal Night	5.4	Krome Studios	Sierra Entertainment
UFC: Sudden Impact	5.4	Opus	Global Star Software
B-Boy	5.3	FreeStyleGames	Evolved Games
Carmen Sandiego: The Secret of the Stolen Drums	5.3	Artificial Mind and Movement	Bam Entertainment
Curious George	5.3	Monkey Bar Games	Namco
Cy Girls	5.3	KCEJ	Konami
Dark Angel:  Vampire Apocalypse	5.3	Metro3D	Metro3D
EyeToy: Operation Spy	5.3	SCEE London Studio	SCEA
HSX HyperSonic.Xtreme	5.3	Blade Interactive	Majesco
Luxor: Pharaoh's Challenge	5.3	MumboJumbo	MumboJumbo
Marvel Nemesis: Rise of the Imperfects	5.3	EA Canada	EA Games
MX vs. ATV Untamed	5.3	Rainbow Studios	THQ
NBA Starting Five	5.3	Konami	Konami
NCAA GameBreaker 2003	5.3	989 Sports	SCEA
Nicktoons Unite!	5.3	THQ	THQ
Portal Runner	5.3	3DO	3DO
Rebel Raiders: Operation Nighthawk	5.3	Kando Games	XS Games
Robots	5.3	Eurocom	VU Games
Rune	5.3	Human Head Studios	Gathering
Super Monkey Ball Adventure	5.3	Traveller's Tales	Sega
Teenage Mutant Ninja Turtles 3: Mutant Nightmare	5.3	KCE Studios	Konami
The Adventures of Darwin	5.3	Vingt-et-un Systems	D3Publisher
Top Angler	5.3	SIMS	Xicat Interactive
Virtua Quest	5.3	TOSE	Sega
World Championship Poker: Featuring Howard Lederer - All In	5.3	Point of View	Crave
World Heroes Anthology	5.3	SNK Playmore	SNK Playmore
187 Ride or Die	5.2	Ubisoft Paris	Ubisoft
Avatar: The Last Airbender - The Burning Earth	5.2	THQ	THQ
Bionicle Heroes	5.2	Traveller's Tales	Eidos Interactive
Boogie	5.2	EA Montreal	Electronic Arts
Disney/Pixar Monsters, Inc. (2002)	5.2	Artificial Mind and Movement	SCEA
Dynasty Warriors: Gundam 2	5.2	Omega Force	Namco Bandai Games
Inuyasha: Feudal Combat	5.2	Eighting	Bandai
Jaws Unleashed	5.2	Appaloosa Interactive	Majesco
Judge Dredd: Dredd VS Death	5.2	Rebellion	Evolved Games
Lara Croft Tomb Raider: The Angel of Darkness	5.2	Core Design Ltd.	Eidos Interactive
MX World Tour Featuring Jamie Little	5.2	Impulse Games	Crave
Naruto: Uzumaki Chronicles 2	5.2	Racjin	Namco Bandai Games
NCAA Final Four 2002	5.2	989 Sports	SCEA
Seven Samurai 20XX	5.2	Dimps Corporation	Sammy Studios
Star Trek: Voyager Elite Force	5.2	Raven Software	Activision
The Ant Bully	5.2	Artificial Mind and Movement	Midway
The Dukes of Hazzard: Return of the General Lee	5.2	Ratbag	Ubisoft
Warriors Orochi 2	5.2	Omega Force	Koei
X-Men: The Official Game	5.2	Z-Axis, Ltd.	Activision
And 1 Streetball	5.1	Black Ops Entertainment	Ubisoft
Backyard Wrestling: Don't Try This at Home	5.1	Paradox Development	Eidos Interactive
Big Mutha Truckers 2	5.1	Eutechnyx	THQ
Bionicle	5.1	Argonaut Games	Lego Media
Dead to Rights II	5.1	Namco	Namco
Eragon	5.1	Stormfront Studios	Sierra Entertainment
Ford Racing 2	5.1	Razorworks	Take-Two Interactive
Inuyasha: The Secret of the Cursed Mask	5.1	Kamui	Bandai
Legion: The Legend of Excalibur	5.1	7 Studios	Midway
Looney Tunes: Back in Action	5.1	Warthog	Electronic Arts
Malice (2004)	5.1	Argonaut Games	Mud Duck Productions
Monopoly Party!	5.1	Runecraft	Infogrames
NanoBreaker	5.1	KCET	Konami
NFL GameDay 2001	5.1	SCEA	SCEA
NFL GameDay 2002	5.1	Red Zone Entertainment	SCEA
Pirates of the Caribbean: The Legend of Jack Sparrow	5.1	7 Studios	Bethesda Softworks
Rampage: Total Destruction	5.1	Pipeworks Software, Inc.	Midway
Spy Hunter: Nowhere to Run	5.1	Terminal Reality	Midway
Star Trek: Encounters	5.1	4J Studios	Bethesda Softworks
Stolen (2005)	5.1	Blue 52	Hip Games
Tekken's Nina Williams in: Death by Degrees	5.1	Namco	Namco
Trivial Pursuit Unhinged	5.1	Artech Studios	Atari SA
Dino Stalker	5.0	TOSE	Capcom
Dragon Rage (2001)	5.0	3DO	3DO
Ed, Edd n Eddy: The Mis-Edventures	5.0	Artificial Mind and Movement	Midway
Family Guy	5.0	High Voltage Software	2K Games
Ford Bold Moves Street Racing	5.0	Razorworks	Eidos Interactive
Ford Racing 3	5.0	Razorworks	2K Games
Friends: The One with All the Trivia	5.0	Artech Studios	Warner Bros. Interactive Entertainment
G.I. Joe: The Rise of Cobra	5.0	Double Helix Games	Electronic Arts
Galerians: Ash	5.0	Polygon Magic	Sammy Studios
Men in Black II: Alien Escape	5.0	Melbourne House	Infogrames
Minority Report: Everybody Runs	5.0	Treyarch	Activision
NARC	5.0	Point of View	Midway
Reservoir Dogs	5.0	Volatile Games	Eidos Interactive
Samurai Warriors 2: Xtreme Legends	5.0	Omega Force	Koei
Spider-Man 3	5.0	Treyarch	Activision
Th3 Plan	5.0	EKO Software	Crave
The Incredible Hulk (2008)	5.0	Edge of Reality	Sega
Whiteout	5.0	Vicarious Visions	Konami
WTA Tour Tennis	5.0	Konami	Konami
Blade II	4.9	Mucky Foot Productions	Activision
Codename: Kids Next Door: Operation V.I.D.E.O.G.A.M.E.	4.9	High Voltage Software	Global Star Software
Disney's PK: Out of the Shadows	4.9	Ubisoft	Ubisoft
Dragon Ball Z: Sagas	4.9	Avalanche Software	Atari SA
Get On Da Mic	4.9	Artificial Mind and Movement	Eidos Interactive
Happy Feet	4.9	Artificial Mind and Movement	Midway
Mercenaries 2: World in Flames	4.9	Pandemic Studios	EA Games
NCAA Final Four 2001	4.9	989 Sports	SCEA
Power Rangers: Dino Thunder	4.9	Pacific Coast Power & Light	THQ
RC Revenge Pro	4.9	Acclaim Studios Cheltenham	Acclaim
RTX Red Rock	4.9	LucasArts	LucasArts
Salt Lake 2002	4.9	Attention To Detail	Eidos Interactive
Stunt GP	4.9	Team17	Titus Software
Warriors of Might and Magic	4.9	3DO	3DO
Yu-Gi-Oh! GX: The Beginning of Destiny	4.9	Konami	Konami
Battle Assault 3 featuring Gundam Seed	4.8	Natsume	Bandai
Beat Down: Fists of Vengeance	4.8	Cavia Inc.	Capcom
ChoroQ	4.8	Barnhouse Effect	Atlus
Crouching Tiger, Hidden Dragon	4.8	Genki	Ubisoft
Dark Angel (2002)	4.8	Radical Entertainment	Sierra Entertainment
Delta Force: Black Hawk Down - Team Sabre	4.8	Ritual Entertainment	NovaLogic
DICE: DNA Integrated Cybernetic Enterprises	4.8	Natsume	Bandai
Digimon World 4	4.8	Bec	Bandai
Dragon Ball Z: Infinite World	4.8	Dimps Corporation	Atari SA
Ephemeral Fantasia	4.8	KCEJ	Konami
Hummer Badlands	4.8	Eutechnyx	2K Games
Monster 4x4: Masters of Metal	4.8	Ubisoft	Ubisoft
Strike Force Bowling	4.8	Lab Rats Games	Crave
Vietcong: Purple Haze	4.8	Coyote Developments	Gathering
WinBack 2: Project Poseidon	4.8	Cavia Inc.	Koei
50 Cent: Bulletproof	4.7	High Voltage Software	Vivendi Games
Alone in the Dark (2008)	4.7	Eden Studios	Atari SA
American Chopper	4.7	Creat Studios	Activision Value
Conflict Zone	4.7	MASA Group	Ubisoft
Iron Man (2008)	4.7	Secret Level	Sega
Monster Jam: Maximum Destruction	4.7	Ubisoft	Ubisoft
One Piece: Pirates' Carnival	4.7	h.a.n.d. Inc.	Namco Bandai Games
Pac-Man Fever	4.7	Mass Media	Namco
PDC World Championship Darts 2008	4.7	Oxygen Interactive	O-Games
Predator: Concrete Jungle	4.7	Eurocom	VU Games
Red Ninja: End of Honor	4.7	Tranji Studios	VU Games
Teenage Mutant Ninja Turtles 2: Battle Nexus	4.7	KCE Studios	Konami
The Scorpion King: Rise of the Akkadian	4.7	Point of View	Universal Interactive
Backyard Wrestling 2: There Goes the Neighborhood	4.6	Paradox Development	Eidos Interactive
Catwoman (2004)	4.6	Argonaut Games	EA Games
Lowrider	4.6	Pacific Century Cyber Works	Jaleco Entertainment
My Street	4.6	Idol Minds	SCEA
Sega Classics Collection	4.6	Sega	Sega
Surfing H3O	4.6	Opus	Rockstar Games
The Golden Compass	4.6	Shiny Entertainment	Sega
The Hustle: Detroit Streets	4.6	Blade Interactive	Activision Value
The Powerpuff Girls: Relish Rampage	4.6	VIS Entertainment	Bam Entertainment
Tokyo Xtreme Racer DRIFT 2	4.6	Genki	Crave
World Series of Poker	4.6	Activision	Activision
Arctic Thunder	4.5	Inland Productions	Midway
D1 Professional Drift Grand Prix Series	4.5	Yuke's	Yuke's
Hard Rock Casino	4.5	Farsight Studios	Crave
Made Man: Confessions of the Family Blood	4.5	Silverback Studios	Aspyr
Mobile Suit Gundam Seed: Never Ending Tomorrow	4.5	Bec	Bandai
NCAA Final Four 2004	4.5	989 Sports	SCEA
Shadow the Hedgehog	4.5	Sonic Team	Sega
Swashbucklers: Blue vs. Grey	4.5	Akella	Atari SA
Unlimited Saga	4.5	SquareSoft	Square Enix
Without Warning	4.5	CiRCLE	Capcom
ESPN National Hockey Night	4.4	KCEO	Konami
Evolution Skateboarding	4.4	Konami	Konami
Jonny Moseley Mad Trix	4.4	3DO	3DO
State of Emergency 2	4.4	DC Studios	SouthPeak Games
Tetris Worlds	4.4	3d6 Games	THQ
The Mummy Returns	4.4	Blitz Games	Universal Interactive
Tom Clancy's Ghost Recon Advanced Warfighter	4.4	Ubisoft Paris	Ubisoft
Backyard Sports Basketball 2007	4.3	Game Brains	Atari SA
Bad Boys: Miami Takedown	4.3	Blitz Games	Crave
Digimon World Data Squad	4.3	Bec	Namco Bandai Games
Dynasty Warriors 6	4.3	Omega Force	Koei
Final Fight: Streetwise	4.3	Capcom	Capcom
DreamWorks & Aardman Flushed Away	4.3	Monkey Bar Games	D3Publisher
The Legend of Alon D'ar	4.3	Stormfront Studios	Ubisoft
Zathura	4.3	High Voltage Software	2K Games
Pirates: Legend of the Black Buccaneer	4.2	WideScreen Games	Valcon Games
Star Trek: Shattered Universe	4.2	Starsphere Interactive	TDK Mediactive
The Sopranos: Road to Respect	4.2	7 Studios	THQ
Xiaolin Showdown	4.2	BottleRocket Entertainment	Konami
American Idol	4.1	Hothouse Creations	Codemasters
Butt Ugly Martians: Zoom or Doom!	4.1	Runecraft	Crave
Eureka Seven Vol. 2: The New Vision	4.0	Namco Bandai Games	Namco Bandai Games
Zatch Bell! Mamodo Fury	4.0	Mechanic Arms	Namco Bandai Games
25 to Life	3.9	Avalanche Software	Eidos Interactive
Airborne Troops: Countdown to D-Day	3.9	WideScreen Games	Mud Duck Productions
Army Men: Green Rogue	3.9	3DO	3DO
Cartoon Network Racing	3.9	Firebrand Games	The Game Factory
Coraline	3.9	Papaya Studio	D3Publisher
Hidden Invasion	3.9	Toka	Conspiracy Entertainment
The Polar Express	3.9	Blue Tongue Entertainment	THQ
Torino 2006 - The Official Video Game of the XX Olympic Winter Games	3.9	49Games	2K Sports
Driven	3.8	Bam Entertainment	Bam Entertainment
Evolution Snowboarding	3.8	Konami	Konami
Godzilla: Unleashed - Double Smash	3.8	Pipeworks Software, Inc.	Atari SA
Looney Tunes: Acme Arsenal	3.8	Red Tribe	Warner Bros. Interactive Entertainment
Spy vs. Spy (2005)	3.8	Vicious Cycle	Global Star Software
Terminator 3: Rise of the Machines	3.8	Black Ops Entertainment	Atari SA
The Mummy: Tomb of the Dragon Emperor	3.8	Eurocom	Sierra Entertainment
The Simpsons Skateboarding	3.8	The Code Monkeys	Electronic Arts
Aqua Teen Hunger Force Zombie Ninja Pro-Am	3.7	Creat Studios	Midway
Ford Racing: Off Road	3.7	Razorworks	Empire Interactive
MetropolisMania 2	3.7	Indi	Natsume
Shifters	3.7	3DO	3DO
Ultimate Board Game Collection	3.7	Jack of All Games	Valcon Games
Fantastic Four: Rise of the Silver Surfer	3.6	Visual Concepts	2K Games
Fight Club (2004)	3.6	Genuine Games	VU Games
Paris-Dakar Rally	3.6	Broadsword Interactive	Acclaim
Pimp My Ride	3.6	Eutechnyx	Activision
The Shield: The Game	3.6	Point of View	Aspyr
Charlie and the Chocolate Factory	3.5	High Voltage Software	Global Star Software
Fugitive Hunter: War on Terror	3.5	Black Ops Entertainment	Encore Software
Jeremy McGrath Supercross World	3.5	Acclaim Studios Salt Lake City	Acclaim
McFarlane's Evil Prophecy	3.4	Konami	Konami
Alvin and the Chipmunks	3.3	Sensory Sweep	Brash Entertainment
Family Feud (2006)	3.3	Ingram Entertainment	Global Star Software
Harley-Davidson Motorcycles: Race to the Rally	3.3	FUN Labs	Activision
Mike Tyson Heavyweight Boxing	3.3	Atomic Planet Entertainment	Codemasters
Falling Stars	3.2	Ivolgamus	Agetec
Frogger: The Great Quest	3.2	Konami	Konami
MTV's Celebrity Deathmatch	3.2	Big Ape Productions	Gotham Games
Trigger Man	3.2	Point of View	Crave
Women's Volleyball Championship	3.2	Spike	Agetec
Antz Extreme Racing	3.1	Supersonic Software	Empire Interactive
AMF Xtreme Bowling	3.0	Mud Duck Productions	Bethesda Softworks
George of the Jungle and the Search for the Secret	3.0	Crave	Crave
Shrek: Super Party	3.0	Mass Media	TDK Mediactive
Crazy Frog Arcade Racer	2.9	Neko Entertainment	Valcon Games
Legend of the Dragon	2.9	Neko Entertainment	The Game Factory
Biker Mice from Mars	2.7	Creat Studios	The Game Factory
GoDai: Elemental Force	2.7	3DO	3DO
Gravity Games Bike: Street. Vert. Dirt.	2.4	Midway	Midway
