God of War: Chains of Olympus	9.1	Ready at Dawn	SCEA
Grand Theft Auto: Chinatown Wars	9.0	Rockstar Leeds	Rockstar Games
Lumines	8.9	Q Entertainment	Ubisoft
Metal Gear Solid: Peace Walker	8.9	Kojima Productions	Konami
Shin Megami Tensei: Persona 3 Portable	8.9	Atlus	Atlus
Final Fantasy Tactics	8.8	TOSE	Square Enix
Final Fantasy VII: Advent Children	8.8	Square Enix	Square Enix
Grand Theft Auto: Liberty City Stories	8.8	Rockstar Leeds	Rockstar Games
OMG Zombies	8.8	Laughing Jackal	Laughing Jackal
Ridge Racer	8.8	Namco	Namco
Tekken 5: Dark Resurrection	8.8	Namco Bandai Games	Namco Bandai Games
Wipeout Pure	8.8	Studio Liverpool	SCEA
Disgaea: Afternoon of Darkness	8.7	Nippon Ichi Software	Atlus
Jeanne d'Arc	8.7	Level 5	SCEA
LittleBigPlanet	8.7	Media Molecule	SCEA
Metal Gear Solid: Portable Ops	8.7	Kojima Productions	Konami
Tactics Ogre: Let Us Cling Together	8.7	Square Enix	Square Enix
Velocity	8.7	FuturLab	FuturLab
Burnout Legends	8.6	Criterion Games	EA Games
God of War: Ghost of Sparta	8.6	Ready at Dawn	SCEA
Grand Theft Auto: Vice City Stories	8.6	Rockstar Leeds	Rockstar Games
Patapon	8.6	SCE Japan Studio	SCEA
PixelJunk Monsters Deluxe	8.6	Q-Games	SCEA
Daxter	8.5	Ready at Dawn	SCEA
LocoRoco 2	8.5	SCE Japan Studio	SCEA
Ratchet & Clank: Size Matters	8.5	High Impact Games	SCEA
Syphon Filter: Logan's Shadow	8.5	Sony Bend	SCEA
Tetris (2010)	8.5	EA Mobile	EA Mobile
Blast Off	8.4	Halfbrick Studios	Halfbrick Studios
Half-Minute Hero	8.4	Opus	XSEED Games
Puzzle Quest: Challenge of the Warlords	8.4	1st Playable Productions	D3Publisher
Space Invaders Extreme	8.4	Taito Corporation	Square Enix
Virtua Tennis: World Tour	8.4	Sumo Digital	Sega
X-Men Legends II: Rise of Apocalypse	8.4	Raven Software	Activision
Crisis Core: Final Fantasy VII	8.3	Square Enix	Square Enix
Crush (2007)	8.3	Zoe Mode	Sega
Disgaea 2: Dark Hero Days	8.3	Nippon Ichi Software	NIS America
FIFA Soccer 10	8.3	EA Sports	Electronic Arts
Lego Star Wars II: The Original Trilogy	8.3	Traveller's Tales	LucasArts
LocoRoco Hi	8.3	SCE Japan Studio	SCEA
MLB 06: The Show	8.3	SCEA San Diego Studios	SCEA
MLB 08: The Show	8.3	SCEA San Diego Studios	SCEA
Tony Hawk's Underground 2 Remix	8.3	Neversoft Entertainment	Activision
Valkyria Chronicles II	8.3	Sega	Sega
BlazBlue: Calamity Trigger	8.2	Arc System Works	Aksys Games
Hot Shots Golf: Open Tee 2	8.2	Clap Hanz	SCEA
Kingdom Hearts: Birth by Sleep	8.2	Square Enix	Square Enix
Mega Man Powered Up	8.2	Capcom	Capcom
MLB 07: The Show	8.2	SCEA San Diego Studios	SCEA
OutRun 2006: Coast 2 Coast	8.2	Sumo Digital	Sega
Sega Genesis Collection	8.2	Digital Eclipse	Sega
Sid Meier's Pirates!	8.2	Firaxis Games	Atari SA
SOCOM: U.S. Navy SEALs Fireteam Bravo	8.2	Zipper Interactive	SCEA
Tekken 6	8.2	Namco Bandai Games	Namco Bandai Games
Wipeout Pulse	8.2	Studio Liverpool	SCEA
A Space Shooter for 2 Bucks	8.1	Frima Studio	Frima Studio
Coconut Dodge	8.1	FuturLab	FuturLab
Fieldrunners	8.1	Subatomic Studios	Subatomic Studios
Hot Shots Golf: Open Tee	8.1	Clap Hanz	SCEA
Lumines II	8.1	Q Entertainment	Buena Vista Games
Marvel: Ultimate Alliance	8.1	Raven Software	Activision
Monster Hunter Freedom Unite	8.1	Capcom	Capcom
Patapon 2	8.1	SCE Japan Studio	SCEA
Pinball Fantasies	8.1	Cowboy Rodeo	Cowboy Rodeo
Race Driver 2006	8.1	Sumo Digital	Codemasters
Resistance: Retribution	8.1	Sony Bend	SCEA
SOCOM: U.S. Navy SEALs Fireteam Bravo 2	8.1	Zipper Interactive	SCEA
The 2D Adventures of Rotating Octopus Character	8.1	Dakko Dakko	Dakko Dakko
The Warriors	8.1	Rockstar Toronto	Rockstar Games
Where is My Heart?	8.1	Die Gute Fabrik	Copenhagen Game Collective
Winning Eleven: Pro Evolution Soccer 2007	8.1	KCET	Konami
WWE SmackDown! vs. Raw 2006	8.1	Yuke's	THQ
Z.H.P. Unlosing Ranger vs Darkdeath Evilman	8.1	Nippon Ichi Software	NIS America
Beaterator	8.0	Rockstar Leeds	Rockstar Games
Castlevania: The Dracula X Chronicles	8.0	Konami	Konami
FIFA 07 Soccer	8.0	EA Sports	EA Sports
Gitaroo Man Lives!	8.0	Koei/Inis	Koei
Hot Shots Tennis: Get a Grip	8.0	Clap Hanz	SCEA
Lunar: Silver Star Harmony	8.0	Game Arts	XSEED Games
Metal Gear Acid 2	8.0	Kojima Productions	Konami
MLB	8.0	989 Sports	SCEA
NBA Live 06	8.0	EA Canada	EA Sports
Pro Evolution Soccer 2008	8.0	Konami	Konami
SoulCalibur: Broken Destiny	8.0	Project Soul	Namco Bandai Games
Street Fighter Alpha 3	8.0	Capcom	Capcom
Test Drive Unlimited	8.0	Eden Studios	Atari SA
Tiger Woods PGA Tour 06	8.0	EA Sports	EA Sports
Valkyrie Profile	8.0	TOSE	Square Enix
Worms: Open Warfare 2	8.0	Team17	THQ
Ys: The Oath in Felghana	8.0	Falcom	XSEED Games
Age of Zombies	7.9	Halfbrick Studios	Halfbrick Studios
Def Jam: Fight for NY	7.9	Aki Corp.	EA Games
Dissidia: Final Fantasy	7.9	Square Enix	Square Enix
echochrome	7.9	SCE Japan Studio	SCEA
FIFA 08 Soccer	7.9	EA Canada	EA Sports
Floating Cloud God Saves the Pilgrims	7.9	Dakko Dakko	Dakko Dakko
Hakuoki: Demon of the Fleeting Blossom	7.9	Idea Factory	Aksys Games
Halfbrick Echoes	7.9	Halfbrick Studios	Halfbrick Studios
Legends of War: Patton's Campaign	7.9	Enigma Software Productions	Enigma Software Productions
Mega Man Maverick Hunter X	7.9	Capcom	Capcom
Midnight Club: LA Remix	7.9	Rockstar London	Rockstar Games
MLB 10: The Show	7.9	SCEA	SCEA
MotorStorm: Arctic Edge	7.9	Bigbig Studios	SCEA
N+	7.9	Slick Entertainment	Microsoft Game Studios
NBA 09 The Inside	7.9	SCEA San Diego Studios	SCEA
Rock Band Unplugged	7.9	Backbone Entertainment	Electronic Arts
SSX On Tour	7.9	EA Canada	EA Sports Big
The Legend of Heroes: Trails in the Sky	7.9	Falcom	XSEED Games
Twisted Metal: Head-On	7.9	Incognito Inc.	SCEA
Virtua Tennis 3	7.9	Sega AM3	Sega
Wizorb	7.9	Beatshapers	Beatshapers
Ys Seven	7.9	Falcom	XSEED Games
Brandish: The Dark Revenant	7.8	Falcom	XSEED Games
Cladun: This is an RPG	7.8	System Prisma	NIS America
Crimson Gem Saga	7.8	IronNos Co.,Ltd.	Atlus
Dissidia 012: Duodecim Final Fantasy	7.8	Square Enix	Square Enix
Gurumin: A Monstrous Adventure	7.8	Falcom	Mastiff
Madden NFL 07	7.8	EA Tiburon	EA Sports
Mercury Meltdown	7.8	Ignition Entertainment	Ignition Entertainment
Metal Gear Solid: Digital Graphic Novel	7.8	Kojima Productions	Konami
Metal Slug Anthology	7.8	Terminal Reality	SNK Playmore
MLB 09: The Show	7.8	SCEA San Diego Studios	SCEA
Pinball Hall of Fame: The Williams Collection	7.8	Farsight Studios	System 3
Shin Megami Tensei: Persona	7.8	ITL	Atlus
Silent Hill: Origins	7.8	Climax Studios	Konami
Tiger Woods PGA Tour 07	7.8	EA Redwood Shores	EA Sports
Tiger Woods PGA Tour 2005	7.8	EA Sports	EA Sports
Tomb Raider: Anniversary	7.8	Crystal Dynamics	Eidos Interactive
Traxxpad	7.8	Definitive Studios	Eidos Interactive
World Soccer Winning Eleven 9	7.8	KCET	Konami
WWE SmackDown vs. Raw 2007	7.8	Yuke's	THQ
Angry Birds	7.7	Abstraction Games	Chillingo
Aqua Panic	7.7	EKO Software	Atari SA
BlazBlue: Continuum Shift II	7.7	Arc System Works	Aksys Games
Class of Heroes 2	7.7	Zerodiv	MonkeyPaw Games
DJ Max Fever	7.7	Pentavision Entertainment	PM Studios Inc.
Exit (2008)	7.7	Taito Corporation	Ubisoft
Field Commander	7.7	Sony Online Entertainment	Sony Online Entertainment
FIFA 06: Road to FIFA World Cup	7.7	EA Canada	EA Sports
Final Fantasy IV: The Complete Collection	7.7	Bullets	Square Enix
Football Manager 2011	7.7	Sports Interactive	Sega
Guilty Gear Judgment	7.7	Arc System Works	Majesco
Killzone: Liberation	7.7	Guerrilla	SCEA
MLB 11: The Show	7.7	SCEA San Diego Studios	SCEA
1000 Tiny Claws	7.6	Mediatonic	Mediatonic
Alien Zombie Death	7.6	PomPom Games	PomPom Games
Brave Story: New Traveler	7.6	Game Republic	XSEED Games
Burnout Dominator	7.6	Criterion Games	Electronic Arts
Gradius Collection	7.6	M2	Konami
Lego Indiana Jones: The Original Adventures	7.6	Traveller's Tales	LucasArts
Lemmings (2006)	7.6	Team17	SCEA
Mad Blocker Alpha: Revenge of the Fluzzles	7.6	Open Emotion Studios	Open Emotion Studios
Me Monstar: Hear Me Roar!	7.6	Cohort Studios	Cohort Studios
NHL 07	7.6	EA Sports	EA Sports
Pix'n Love Rush	7.6	Pasta Games	Bulkypix
Shift Extended	7.6	Zallag	Zallag
Snoopy vs. the Red Baron	7.6	Smart Bomb Interactive	Namco Bandai Games
The Legend of Heroes: Trails in the Sky SC	7.6	Falcom	XSEED Games
Ultimate Block Party	7.6	Magicpot	Conspiracy Entertainment
Who's That Flying?!	7.6	Mediatonic	SCEA
Ace Combat X: Skies of Deception	7.5	Project Aces 	Namco Bandai Games
Activision Hits Remixed	7.5	Digital Eclipse	Activision
Archer Maclean's Mercury	7.5	Awesome Studios	Ignition Entertainment
Capcom Classics Collection Reloaded	7.5	Klein Computer Entertainment	Capcom
Dead Head Fred	7.5	Vicious Cycle	D3Publisher
Dracula: Undead Awakening	7.5	Chillingo	Chillingo
echoshift	7.5	SCEJ	SCEA
Knights in the Nightmare	7.5	Sting	Atlus
Madden NFL 06	7.5	EA Tiburon	EA Sports
Madden NFL 08	7.5	EA Tiburon	EA Sports
Me & My Katamari	7.5	Namco	Namco
Metal Gear Acid	7.5	Konami	Konami
NBA 08	7.5	SCEA San Diego Studios	SCEA
NBA Street Showdown	7.5	EA Canada	EA Sports Big
NCAA Football 07	7.5	EA Sports	EA Sports
Persona 2: Innocent Sin	7.5	ITL	Atlus
Pro Evolution Soccer 2009	7.5	KCET	Konami
Pursuit Force	7.5	Bigbig Studios	SCEA
Puzzle Scape Mini	7.5	Farmind Ltd	Farmind Ltd
Star Ocean: Second Evolution	7.5	TOSE	Square Enix
Blimp: The Flying Adventures	7.4	Craneballs Studios	Craneballs Studios
Chili Con Carnage	7.4	Deadline Games	Eidos Interactive
ClaDun x2	7.4	System Prisma	NIS America
Darkstalkers Chronicle: The Chaos Tower	7.4	Capcom	Capcom
Dungeon Siege: Throne of Agony	7.4	SuperVillain Studios	Take-Two Interactive
Every Extend Extra	7.4	Q Entertainment	Buena Vista Games
Fat Princess	7.4	Titan Studios	SCEA
Fight Night Round 3	7.4	EA Chicago	EA Sports
FlatOut: Head On	7.4	Bugbear	Empire Interactive
Freekscape: Escape From Hell	7.4	Kidguru Studios	Creat Studios
Gran Turismo: The Real Driving Simulator	7.4	Polyphony Digital	SCEA
Harvest Moon: Hero of Leaf Valley	7.4	Hyde	Natsume
Infected (2005)	7.4	Planet Moon Studios	Majesco
Midnight Club 3: DUB Edition	7.4	Rockstar San Diego	Rockstar Games
Need for Speed Underground Rivals	7.4	Team Fusion	EA Games
Patapon 3	7.4	SCE Japan Studio	SCEA
Pipe Mania	7.4	Razorworks	Empire Interactive
Power Stone Collection	7.4	Capcom	Capcom
PQ2: Practical Intelligence Quotient	7.4	Now Production	D3Publisher
Prince of Persia Rival Swords	7.4	Ubisoft Montreal	Ubisoft
Pro Evolution Soccer 2011	7.4	Konami	Konami
Pro Evolution Soccer 2012	7.4	Konami	Konami
Sega Rally Revo	7.4	SEGA Racing Studio	Sega
SOCOM: U.S. Navy SEALs Fireteam Bravo 3	7.4	Slant Six	SCEA
Star Ocean: First Departure	7.4	TOSE	Square Enix
Summon Night 5	7.4	Felistella	GAIJINWORKS
UFC Undisputed 2010	7.4	Yuke's	THQ
After Burner: Black Falcon	7.3	Planet Moon Studios	Sega
Bomberman (2006)	7.3	Hudson	Konami
FIFA Soccer 2005	7.3	EA Canada	EA Sports
Flying Hamster	7.3	The Game Atelier	The Game Atelier
Gun	7.3	Neversoft Entertainment	Activision
Hammerin' Hero	7.3	Irem	Atlus
Juiced 2: Hot Import Nights	7.3	Juice Games	THQ
LEGO Batman: The Videogame	7.3	Traveller's Tales	Warner Bros. Interactive Entertainment
LocoRoco Midnight Carnival	7.3	SCE Japan Studio	SCEA
ModNation Racers	7.3	United Front Games	SCEA
Namco Museum Battle Collection	7.3	TOSE	Namco
NBA Live 08	7.3	EA Canada	EA Sports
Need for Speed: Carbon	7.3	EA Canada	EA Games
NFL Street 2 Unleashed	7.3	EA Tiburon	EA Sports Big
Pinball Hall of Fame: The Gottlieb Collection	7.3	Farsight Studios	Crave
Pursuit Force: Extreme Justice	7.3	Bigbig Studios	SCEA
Silent Hill: Shattered Memories	7.3	Climax Studios	Konami
Star Wars Battlefront: Renegade Squadron	7.3	Rebellion	LucasArts
What Did I Do to Deserve This, My Lord!? 2	7.3	Acquire	NIS America
Yggdra Union: We'll Never Fight Alone	7.3	Sting	Atlus
Capcom Classics Collection Remixed	7.2	Digital Eclipse	Capcom
Carol Vorderman's Sudoku	7.2	Empire Interactive	Eidos Interactive
Fate/Unlimited Codes	7.2	Eighting	Capcom
FIFA World Cup: Germany 2006	7.2	EA Canada	Electronic Arts
Justice League Heroes	7.2	Snowblind Studios	Warner Bros. Interactive Entertainment
Kingdom of Paradise	7.2	Climax Entertainment	SCEA
Monster Hunter Freedom 2	7.2	Capcom	Capcom
Monsters (Probably) Stole My Princess	7.2	Mediatonic	Mediatonic
NBA 06	7.2	SCEA Sports Studio	SCEA
Need for Speed: Most Wanted (2005)	7.2	EA Canada	Electronic Arts
Prinny: Can I Really Be the Hero?	7.2	Nippon Ichi Software	NIS America
Pro Evolution Soccer 2010	7.2	Konami	Konami
Secret Agent Clank	7.2	High Impact Games	SCEA
SOCOM: U.S. Navy SEALs Tactical Strike	7.2	Slant Six	SCEA
The Bigs	7.2	Blue Castle Games	2K Sports
The Silent Hill Experience	7.2	Konami	Konami
Thrillville	7.2	Frontier Developments	LucasArts
Thrillville: Off the Rails	7.2	Frontier Developments	LucasArts
Tiger Woods PGA Tour 08	7.2	EA Salt Lake	EA Sports
Tokobot	7.2	Tecmo	Tecmo
Ultimate Ghosts 'n Goblins	7.2	TOSE	Capcom
Vibes	7.2	Laughing Jackal	Laughing Jackal
World Tour Soccer 06	7.2	SCEE London Studio	SCEA
Worms: Battle Islands	7.2	Team17	Team17
WWE SmackDown vs. Raw 2009	7.2	Yuke's	THQ
Ace Combat: Joint Assault	7.1	Project Aces 	Namco Bandai Games
Corpse Party	7.1	Team GrisGris	XSEED Games
Cubixx (2010)	7.1	Laughing Jackal	Laughing Jackal
Gods Eater Burst	7.1	Shift	D3Publisher
Jak and Daxter: The Lost Frontier	7.1	High Impact Games	SCEA
LEGO Harry Potter: Years 1-4	7.1	Traveller's Tales	Warner Bros. Interactive Entertainment
Medal of Honor Heroes	7.1	Team Fusion	EA Games
Monster Hunter Freedom	7.1	Capcom	Capcom
No Heroes Allowed!	7.1	Acquire	SCEA
The 3rd Birthday	7.1	HexaDrive	Square Enix
The Red Star	7.1	XS Games	XS Games
UEFA Champions League 2006-2007	7.1	EA Canada	EA Games
Young Thor	7.1	Frima Studio	Frima Studio
Dante's Inferno	7.0	Visceral Games	Electronic Arts
Disney/Pixar Cars	7.0	Rainbow Studios	THQ
Dragon Ball Z: Shin Budokai	7.0	Dimps Corporation	Atari SA
Dungeon Maker: Hunting Ground	7.0	Global A	XSEED Games
flOw	7.0	ThatGameCompany	SCEA
Generation of Chaos: Pandora's Reflection	7.0	Sting	NIS America
GripShift	7.0	Sidhe Interactive	Sony Platform Publishing
Harry Potter and the Goblet of Fire	7.0	Electronic Arts	Electronic Arts
Hungry Giraffe	7.0	Laughing Jackal	Laughing Jackal
Kenka Bancho: Badass Rumble	7.0	Bullets	Atlus
Mortal Kombat: Deception	7.0	Midway	Midway
Naruto: Ultimate Ninja Heroes	7.0	CyberConnect2	Namco Bandai Games
Shaun White Snowboarding	7.0	Ubisoft Montreal	Ubisoft
Star Wars: The Force Unleashed	7.0	LucasArts	LucasArts
Tiger Woods PGA Tour 10	7.0	EA Tiburon	Electronic Arts
World Series of Poker: Tournament of Champions	7.0	Left Field Productions	Activision
World Tour Soccer	7.0	SCEE	SCEA
Worms: Open Warfare	7.0	Team17	Team17
WWE All Stars	7.0	THQ	THQ
Yu-Gi-Oh! 5D's Tag Force 4	7.0	Konami	Konami
2010 FIFA World Cup South Africa	6.9	Electronic Arts	EA Sports
Arctic Adventures: Polar's Puzzles	6.9	Eiconic Games	Eiconic Games
Football Manager 2010	6.9	Sports Interactive	Sega
Gravity Crash	6.9	Just Add Water	SCEA
Invizimals	6.9	Novarama	SCEA
Major League Baseball 2K6	6.9	Kush Games	2K Sports
Manhunt 2	6.9	Rockstar Toronto	Rockstar Games
Medal of Honor Heroes 2	6.9	EA Canada	Electronic Arts
MotoGP (2006)	6.9	Namco Bandai Games	Namco Bandai Games
Myst (1995)	6.9	Hoplite Research	Empire Interactive
NBA 10 The Inside	6.9	SCEA San Diego Studios	SCEA
NBA Ballers: Rebound	6.9	Backbone Entertainment	Midway
Need for Speed: Shift	6.9	Slightly Mad Studios	EA Games
Phantasy Star Portable 2	6.9	Alfa System	Sega
PQ: Practical Intelligence Quotient	6.9	Now Production	D3Publisher
R-Type Command	6.9	Irem	Atlus
Sky Force	6.9	Infinite Dreams	Infinite Dreams
Star Wars: Battlefront II (2005)	6.9	Pandemic Studios	LucasArts
Super Stardust Portable	6.9	Housemarque	SCEA
The Eye of Judgment: Legends	6.9	SCEJ	SCEA
What Did I Do to Deserve This, My Lord!?	6.9	Acquire	NIS America
Bloons	6.8	Bloober Team	Hands-On Mobile
BreakQuest: Extra Evolution	6.8	Beatshapers	Beatshapers
Buzz! Master Quiz	6.8	Relentless Software	SCEA
Crash Tag Team Racing	6.8	Radical Entertainment	VU Games
Death Jr. II: Root of Evil	6.8	Backbone Entertainment	Konami
Everyday Shooter	6.8	Backbone Entertainment	SCEA
F1 2009	6.8	Sumo Digital	Codemasters
FIFA Soccer 11	6.8	EA Sports	Electronic Arts
Fighting Fantasy: The Warlock of Firetop Mountain (2011)	6.8	Laughing Jackal	Laughing Jackal
Gungnir	6.8	Sting	Atlus
Hexyz Force	6.8	Sting	Atlus
Hysteria Project	6.8	Bulkypix	Sanuk Games
Madden NFL 09	6.8	EA Tiburon	Electronic Arts
MX vs. ATV Unleashed	6.8	Rainbow Studios	THQ
Mytran Wars	6.8	Stormregion	Deep Silver
NBA 07	6.8	SCEA	SCEA
NFL Street 3	6.8	EA Tiburon	EA Sports
Prinny 2: Dawn of Operation Panties, Dood!	6.8	Nippon Ichi Software	NIS America
Puyo Pop Fever	6.8	Sonic Team	Atlus
Riviera: The Promised Land	6.8	Sting	Atlus
Smash Court Tennis 3	6.8	Bandai Namco Games	Atari SA
SNK Arcade Classics Vol. 1	6.8	SNK Playmore	SNK Playmore
Tenchu: Shadow Assassins	6.8	Acquire	Ubisoft
The Legend of Heroes: A Tear of Vermillion	6.8	Microvision	Bandai
UEFA EURO 2008	6.8	EA Canada	Electronic Arts
Untold Legends: Brotherhood of the Blade	6.8	Sony Online Entertainment	Sony Online Entertainment
World Poker Tour (2005)	6.8	Coresoft	2K Sports
WWE SmackDown vs. Raw 2008	6.8	Yuke's	THQ
Zombie Tycoon	6.8	Frima Studio	Frima Studio
Bust-A-Move Deluxe	6.7	Taito Corporation	Majesco
Corpse Party: Book of Shadows	6.7	5pb	XSEED Games
Final Fantasy	6.7	TOSE	Square Enix
Growlanser: Wayfarer of Time	6.7	Career Soft	Atlus
I Must Run!	6.7	Gamelion Studios	Gamelion Studios
Innocent Life: A Futuristic Harvest Moon	6.7	ArtePiazza	Natsume
LEGO Pirates of the Caribbean: The Video Game	6.7	Traveller's Tales	Disney Interactive Studios
Metal Slug XX	6.7	SNK Playmore	Atlus
MTX Mototrax	6.7	Left Field Productions	Activision
MVP Baseball	6.7	EA Canada	Electronic Arts
PaRappa the Rapper	6.7	Epics	SCEA
Pilot Academy	6.7	Kuju Entertainment	Marvelous Entertainment
Spider-Man 2 (2005)	6.7	Vicarious Visions	Activision
The Bigs 2	6.7	Blue Castle Games	2K Sports
Tomb Raider: Legend	6.7	Crystal Dynamics	Eidos Interactive
Warhammer 40,000: Squad Command	6.7	RedLynx	THQ
WRC: FIA World Rally Championship (2006)	6.7	Traveller's Tales	Namco Bandai Games
Armored Core: Formula Front - Extreme Battle	6.6	From Software	Agetec
Black Rock Shooter: The Game	6.6	Imageepoch	NIS America
Football Manager Handheld 2012	6.6	Sega	Sega
Frogger Helmet Chaos	6.6	Konami Computer Entertainment Hawaii	Konami
MediEvil: Resurrection	6.6	SCEE	SCEA
Monster Kingdom: Jewel Summoner	6.6	Gaia (Sony)	Atlus
NASCAR (2006)	6.6	EA Tiburon	EA Sports
Neopets Petpet Adventures: The Wand of Wishing	6.6	SCEA	SCEA
Obscure: The Aftermath	6.6	Hydravision	Ignition Entertainment
One Epic Game	6.6	Grip Games	Grip Games
PoPoLoCrois	6.6	G-Artists	Agetec
Supermarket Mania	6.6	G5 Entertainment	G5 Entertainment
Tales of the World: Radiant Mythology	6.6	Alfa System	Namco Bandai Games
Vempire	6.6	impressionware	impressionware
Brothers in Arms: D-Day	6.5	Ubisoft Shanghai	Ubisoft
Capcom Puzzle World	6.5	Capcom	Capcom
Dragon Ball Z: Shin Budokai - Another Road	6.5	Dimps Corporation	Atari SA
Dynasty Warriors: Strikeforce	6.5	Omega Force	Koei
Fighting Fantasy: Talisman of Death	6.5	Laughing Jackal	SCEA
Gretzky NHL 06	6.5	Page 44 Studios	SCEA
Halfbrick Rocket Racing	6.5	Halfbrick Studios	Halfbrick Studios
Juiced: Eliminator	6.5	Juice Games	THQ
M.A.C.H. Modified Air Combat Heroes	6.5	VU Games	Sierra Entertainment
Metal Gear Solid: Portable Ops Plus	6.5	Kojima Productions	Konami
No Gravity: The Plague Of Mind	6.5	Realtech VR	Anozor SARL
Phantom Brave	6.5	Nippon Ichi Software	NIS America
Prince of Persia: The Forgotten Sands	6.5	Ubisoft Montreal	Ubisoft
Prince of Persia: Warrior Within	6.5	Ubisoft Montreal	Ubisoft
Puzzle Guzzle	6.5	Irem	Agetec
Ragnarok Tactics	6.5	ApolloSoft	Aksys Games
The Sims 2	6.5	Maxis	EA Games
Untold Legends: The Warrior's Code	6.5	Sony Online Entertainment	Sony Online Entertainment
World Championship Poker 2: Featuring Howard Lederer	6.5	Point of View	Crave
Atari Classics Evolved	6.4	Stainless Games	Atari SA
Call of Duty 3	6.4	Treyarch	Activision
Chessmaster: Grandmaster Edition	6.4	Ubisoft	Ubisoft
Crazy Taxi: Fare Wars	6.4	Sega	Sega
Disgaea Infinite	6.4	Nippon Ichi Software	NIS America
Disney/Pixar Ratatouille	6.4	Asobo Studio	THQ
Disney*Pixar WALL-E	6.4	Heavy Iron Studios	THQ
Hot Brain	6.4	Creat Studios	Midway
Naruto: Ultimate Ninja Heroes 2: The Phantom Fortress	6.4	CyberConnect2	Namco Bandai Games
NBA Live 07	6.4	EA Sports	EA Sports
NBA Live 10	6.4	EA Canada	EA Sports
Phantasy Star Portable	6.4	Alfa System	Sega
Samurai Warriors: State of War	6.4	Omega Force	Koei
Sonic Rivals	6.4	Backbone Entertainment	Sega
Star Trek: Tactical Assault	6.4	Quicksilver Software	Bethesda Softworks
The Lord of the Rings: Tactics	6.4	Amaze Entertainment	EA Games
The Sims 2: Castaway	6.4	Maxis	Electronic Arts
Wild ARMs XF	6.4	Media.Vision	XSEED Games
Ys: The Ark of Napishtim	6.4	Konami Software Shanghai	Konami
Assassin's Creed: Bloodlines	6.3	Griptonite Games	Ubisoft
ATV Offroad Fury: Blazin' Trails	6.3	Climax Studios	SCEA
Bounty Hounds	6.3	Xpec	Namco Bandai Games
Dragon Ball Z: Tenkaichi Tag Team	6.3	Spike	Namco Bandai Games
Final Fantasy II	6.3	TOSE	Square Enix
Go! Sudoku	6.3	Sumo Digital	Ubisoft
Indiana Jones and the Staff of Kings	6.3	Artificial Mind and Movement	LucasArts
LEGO Star Wars III: The Clone Wars	6.3	Traveller's Tales	LucasArts
Major League Baseball 2K8	6.3	Kush Games	2K Sports
Marvel Trading Card Game	6.3	Vicious Cycle	Konami
Miami Vice: The Game (2006)	6.3	Rebellion	Sierra Entertainment
Midway Arcade Treasures: Extended Play	6.3	Digital Eclipse	Midway
Split/Second	6.3	Black Rock Studio	Disney Interactive Studios
Stacked with Daniel Negreanu	6.3	5000ft Inc.	Myelin Media
Star Wars Battlefront: Elite Squadron	6.3	Savage Entertainment	LucasArts
The Con	6.3	SCEA	SCEA
The Legend of Heroes II: Prophecy of the Moonlight Witch	6.3	Microvision	Namco Bandai Games
Undead Knights	6.3	Now Production	Tecmo
Viewtiful Joe: Red Hot Rumble	6.3	Clover Studio	Capcom
WTF: Work Time Fun	6.3	SCEJ	D3Publisher
Ys Book I & II	6.3	Interchannel-Holon	Atlus
Aedis Eclipse: Generation of Chaos	6.2	Idea Factory	NIS America
Arcade Darts	6.2	Icon Games	Icon Games
Buzz! Quiz World	6.2	Relentless Software	SCEA
Dynasty Warriors (PSP)	6.2	Omega Force	Koei
Fading Shadows	6.2	Ivolgamus	Agetec
Gunpey DS	6.2	Q Entertainment	Namco Bandai Games
Harvey Birdman: Attorney at Law	6.2	High Voltage Software	Capcom
Puzzle Chronicles	6.2	Konami	Konami
Warriors Orochi	6.2	Omega Force	Koei
Yu-Gi-Oh! GX Tag Force	6.2	Konami	Konami
Blood Bowl	6.1	Cyanide	Focus Home Interactive
Class of Heroes	6.1	Zerodiv	Atlus
Death Jr.	6.1	Backbone Entertainment	Konami
Disney Pirates of the Caribbean: At World's End	6.1	Eurocom	Disney Interactive Studios
From Russia With Love	6.1	EA Redwood Shores	Electronic Arts
Ghost in the Shell: Stand Alone Complex (2005)	6.1	G-Artists	Bandai
Gretzky NHL	6.1	Page 44 Studios	SCEA
Harvest Moon: Boy & Girl	6.1	Marvelous Entertainment	Natsume
Major League Baseball 2K7	6.1	Kush Games	2K Sports
Micro Machines V4	6.1	Supersonic Software	Codemasters
Naruto Shippuden: Ultimate Ninja Heroes 3	6.1	CyberConnect2	Namco Bandai Games
Pac-Man World 3	6.1	Blitz Games	Namco
Star Wars: Lethal Alliance	6.1	Ubisoft Montreal	Ubisoft
The King of Fighters Collection: The Orochi Saga	6.1	M2	SNK Playmore
Tom Clancy's Ghost Recon Advanced Warfighter 2	6.1	Red Storm Entertainment	Ubisoft
Unchained Blades	6.1	FuRyu	XSEED Games
Astro Boy: The Video Game	6.0	High Voltage Software	D3Publisher
Ben 10: Protector of Earth	6.0	High Voltage Software	D3Publisher
Blade Dancer: Lineage of Light	6.0	Hit Maker	NIS America
Cube (2007)	6.0	Metia Interactive	D3Publisher
Generation of Chaos	6.0	Idea Factory	NIS America
Hot Wheels: Ultimate Racing	6.0	Raylight Studios	DSI Games
Jikandia: The Timeless Land	6.0	Opus Studio	Aksys Games
Luxor: The Wrath of Set	6.0	MumboJumbo	MumboJumbo
Naruto Shippuden: Legends: Akatsuki Rising	6.0	Racjin	Namco Bandai Games
Online Chess Kingdoms	6.0	Leviathan Games	Konami
ProStroke Golf - World Tour 2007	6.0	Gusto Games	Oxygen Interactive
Puzzle Scape	6.0	Farmind Ltd	Got Game Entertainment
Sonic Rivals 2	6.0	Backbone Entertainment	Sega
Tom Clancy's Rainbow Six: Vegas	6.0	Ubisoft Montreal	Ubisoft
X-MEN ORIGINS: WOLVERINE	6.0	Raven Software	Activision
Yu-Gi-Oh! GX Tag Force 2	6.0	Konami	Konami
Brainpipe: A Plunge to Unhumanity	5.9	Hands-On Mobile	Hands-On Mobile
Coded Arms	5.9	Konami	Konami
Eragon	5.9	Stormfront Studios	Sierra Entertainment
Frantix: A Puzzle Adventure	5.9	Killer Game	Sony Online Entertainment
Gang Wars (1989)	5.9	Alpha Denshi	SNK Playmore
Gladiator Begins	5.9	Goshow	Aksys Games
MX vs. ATV Untamed	5.9	Rainbow Studios	THQ
Naruto Shippuden: Ultimate Ninja Impact	5.9	Racjin	Namco Bandai Games
Platypus	5.9	Squashy Software	MumboJumbo
The Godfather: Mob Wars	5.9	Page 44 Studios	Electronic Arts
The Simpsons Game	5.9	EA Redwood Shores	EA Games
Xiaolin Showdown	5.9	BottleRocket Entertainment	Konami
Adventures to Go!	5.8	Global A	Natsume
BreakQuest	5.8	Beatshapers	Beatshapers
DreamWorks Over the Hedge: Hammy Goes Nuts	5.8	Amaze Entertainment	Activision
Dungeons & Dragons Tactics	5.8	Kuju Entertainment	Atari SA
Fate/Extra	5.8	Imageepoch	Aksys Games
FIFA Street 2	5.8	EA Canada	EA Sports Big
Fortix	5.8	Nemesys	Nemesys
Hero of Sparta	5.8	Gameloft	Gameloft
Jackass the Game	5.8	Sidhe Interactive	Red Mile Entertainment
Marvel Nemesis: Rise of the Imperfects	5.8	EA Canada	EA Games
Rocky Balboa	5.8	Ubisoft	Ubisoft
Scarface: Money. Power. Respect.	5.8	Farsight Studios	Sierra Entertainment
Spider-Man: Friend or Foe	5.8	Next Level Games	Activision
The Fast and the Furious (2006)	5.8	Eutechnyx	Namco Bandai Games
The Legend of Heroes III: Song of the Ocean	5.8	Microvision	Namco Bandai Games
Tom Clancy's Splinter Cell Essentials	5.8	Ubisoft	Ubisoft
Avatar: The Last Airbender	5.7	AWE Games	THQ
BattleZone (2006)	5.7	Paradigm Entertainment	Atari SA
Driver '76	5.7	Sumo Digital	Ubisoft
Dynasty Warriors Vol. 2	5.7	Omega Force	Koei
EyePet	5.7	SCEE London Studio	SCEA
KAO Challengers	5.7	Tate Interactive	Atari SA
MiniSquadron	5.7	MrFungFung	MrFungFung
Naruto Shippuden: Kizuna Drive	5.7	Premium Agency 	Namco Bandai Games
NBA	5.7	989 Sports	SCEA
Need for Speed: ProStreet	5.7	EA Black Box	EA Games
Neverland Card Battles	5.7	Idea Factory	Yuke's
DreamWorks Shrek the Third	5.7	7 Studios	Activision
The Sims 2: Pets	5.7	Maxis	EA Games
Ultimate Board Game Collection	5.7	Jack of All Games	Valcon Games
Coded Arms: Contagion	5.6	Creat Studios	Konami
Dragoneer's Aria	5.6	Hit Maker	NIS America
Dungeon Explorer: Warriors of Ancient Arts	5.6	Hudson Soft	Hudson Entertainment
EA Replay	5.6	Team Fusion	Electronic Arts
Peter Jackson's King Kong: The Official Game of the Movie	5.6	Ubisoft Montpellier	Ubisoft
Super Monkey Ball Adventure	5.6	Traveller's Tales	Sega
Unbound Saga	5.6	Vogster	Vogster Entertainment, LLC
Warriors Orochi 2	5.6	Omega Force	Koei
World Championship Poker: Featuring Howard Lederer - All In	5.6	Point of View	Crave
300: March to Glory	5.5	Collision Studios	Warner Bros. Interactive Entertainment
Bomberman Land Portable	5.5	Racjin	Hudson Entertainment
Diner Dash	5.5	Climax Studios	Eidos Interactive
DiRT 2	5.5	Codemasters	Codemasters
Elminage Original	5.5	Starfish SD	UFO Interactive
Hot Pixel	5.5	zSlide	Atari SA
L.A. Rush	5.5	Midway	Midway
Ninjamurai	5.5	Open Emotion Studios	Open Emotion Studios
Warhammer: Battle for Atluma	5.5	Sabertooth Games	Namco Bandai Games
Dead to Rights: Reckoning	5.4	Rebellion	Namco
Duael Invaders	5.4	Laughing Jackal	Laughing Jackal
Ghostbusters: The Video Game	5.4	Terminal Reality	Atari SA
International Athletics	5.4	The Code Monkeys	Ghostlight
Payout Poker & Casino	5.4	Bits Studios	Namco
Scooby Doo!  Who's Watching Who?	5.4	Human Soft	THQ
Shadow of Destiny	5.4	KCET	Konami
Steambot Chronicles: Battle Tournament	5.4	Irem	Atlus
Tom Clancy's Ghost Recon Predator	5.4	Virtuos	Ubisoft
Alien Havoc	5.3	Creat Studios	Creat Studios
Full Auto 2: Battlelines	5.3	Pseudo Interactive	Sega
Lord of Arcana	5.3	Access Games	Square Enix
Strikers 1945 Plus	5.3	Arc System Works	PM Studios Inc.
Tiger Woods PGA Tour 09	5.3	EA Tiburon	Electronic Arts
Valhalla Knights	5.3	K2 LLC	XSEED Games
50 Cent: Bulletproof	5.2	High Voltage Software	Vivendi Games
Ford Bold Moves Street Racing	5.2	Razorworks	Eidos Interactive
Gangs of London	5.2	SCEE London Studio	SCEA
Harry Potter and the Order of the Phoenix	5.2	EA Games	EA Games
Need for Speed: Undercover	5.2	EA Vancouver	Electronic Arts
Pirates of the Caribbean: Dead Man's Chest	5.2	Griptonite Games	Buena Vista Games
Spider-Man 3	5.2	Treyarch	Activision
Warriors of the Lost Empire	5.2	Platinum Egg	UFO Interactive
7 Wonders of the Ancient World	5.1	Hot Lava Games	MumboJumbo
Alien Syndrome (2007)	5.1	Totally Games	Sega
Ape Escape Academy	5.1	Shift	SCEA
Blokus Portable: Steambot Championship	5.1	Irem	Majesco
Brooktown High	5.1	Backbone Entertainment	Konami
Family Guy	5.1	High Voltage Software	2K Games
Marvel Super Hero Squad	5.1	Blue Tongue Entertainment	THQ
Pac-Man World Rally	5.1	Smart Bomb Interactive	Namco Bandai Games
Rengoku II: The Stairway to H.E.A.V.E.N.	5.1	Hudson Soft	Konami
The Hustle: Detroit Streets	5.1	Blade Interactive	Activision Value
B-Boy	5.0	FreeStyleGames	Evolved Games
SWAT: Target Liberty	5.0	3G Studios	Sierra Entertainment
TNA Impact: Cross the Line	5.0	Point of View	SouthPeak Games
Valhalla Knights 2	5.0	K2	XSEED Games
Aliens vs. Predator: Requiem	4.9	Rebellion	Sierra Entertainment
Army of Two: The 40th Day	4.9	EA Montreal	Electronic Arts
Ghost Rider	4.9	Climax Studios	2K Games
Heatseeker	4.9	IR Gurus	Codemasters
Iron Man 2	4.9	Sega Studios San Francisco	Sega
Astonishia Story	4.8	Sonnori	Ubisoft
N.O.V.A. - Near Orbit Vanguard Alliance	4.8	Gameloft	Gameloft
SpongeBob Squarepants: The Yellow Avenger	4.8	Tantalus	THQ
Bubble Bobble Evolution	4.7	Digital Whip	Codemasters
Ford Racing: Off Road	4.7	Razorworks	Empire Interactive
Rainbow Islands Evolution	4.7	Digital Whip	Ignition Entertainment
Spectral Souls: Resurrection of the Ethereal Empires	4.7	Idea Factory	NIS America
Transformers: The Game	4.7	Traveller's Tales	Activision
Mimana Iyar Chronicle	4.5	GungHo	Aksys Games
Smart Bomb	4.5	Core Design Ltd.	Eidos Interactive
Hard Rock Casino	4.4	Farsight Studios	Crave
Iron Man (2008)	4.4	Secret Level	Sega
Armored Core 3	4.3	From Software	Agetec
PDC World Championship Darts 2008	4.3	Oxygen Interactive	O-Games
Rengoku: The Tower of Purgatory	4.3	Neverland	Konami
Asphalt: Urban GT 2	4.2	Virtuos	Ubisoft
Funky Punch	4.2	Solus Games	Solus Games
Hellboy: The Science of Evil	4.2	Krome Studios	Konami
CID The Dummy	4.1	Twelve Games	Oxygen Interactive
Mana Khemia: Alchemists of Al-Revis	4.1	Gust	NIS America
Street Supremacy	4.1	Genki	Konami
Taito Legends Power-Up	4.1	Empire Oxford	Destineer
Pocket Racers	3.9	Blade Interactive	Konami
Dead or Alive Paradise	3.8	Team Ninja	Tecmo
Legend of the Dragon	3.8	Neko Entertainment	The Game Factory
Napoleon Dynamite: The Game	3.7	7 Studios	Crave
Pocket Pool (2007)	3.7	Conspiracy Entertainment	Eidos Interactive
TMNT	3.7	Ubisoft Montreal	Ubisoft
Transformers: Revenge of the Fallen The Mobile Game	3.7	Luxoflux, Inc.	Activision
World Series of Poker	3.7	Activision	Activision
Air Conflicts: Aces of World War II	3.6	Cowboy Rodeo	Graffiti Entertainment
Dave Mirra BMX Challenge	3.2	Left Field Productions	Crave
Winx Club: Join the Club	3.0	n-Space	Konami
Dragon Ball: Evolution	2.8	Dimps Corporation	Namco Bandai Games
The Golden Compass	2.8	Shiny Entertainment	Sega
