Super Mario Galaxy	9.7	Nintendo	Nintendo
Super Mario Galaxy 2	9.7	Nintendo EAD Tokyo 	Nintendo
The Legend of Zelda: Twilight Princess	9.5	Nintendo	Nintendo
World of Goo	9.4	2D Boy	2D Boy
Super Smash Bros. Brawl	9.3	Game Arts	Nintendo
The Legend of Zelda: Skyward Sword	9.3	Nintendo	Nintendo
Rayman Origins	9.2	UBlart Montpellier	Ubisoft
Rock Band 2	9.2	Harmonix Music Systems	MTV Games
Xenoblade Chronicles	9.2	Monster Games Inc.	Nintendo
Resident Evil 4 (2005)	9.1	Capcom	Capcom
Rock Band 3	9.1	Harmonix Music Systems	MTV Games
Kirby's Dream Collection: Special Edition	9.0	HAL Labs	Nintendo
Metroid Prime 3: Corruption	9.0	Retro Studios	Nintendo
Obscure: The Aftermath	9.0	Hydravision	Ignition Entertainment
Okami	9.0	Clover Studio	Capcom
Resident Evil (Remake)	9.0	Capcom	Capcom
Broken Sword: Shadow of the Templars	8.9	Revolution Software	Ubisoft
Cave Story	8.9	Nicalis	Nicalis
Guitar Hero 5	8.9	Neversoft Entertainment	Activision
Metal Slug Anthology	8.9	Terminal Reality	SNK Playmore
Resident Evil 0	8.9	Flagship	Capcom
The Beatles: Rock Band	8.9	Harmonix Music Systems	MTV Games
Art of Balance	8.8	Shin'en	Shin'en
DJ Hero 2	8.8	FreeStyleGames	Activision
Dragon Ball Z: Budokai Tenkaichi 3	8.8	Spike	Atari SA
Fire Emblem: Radiant Dawn	8.8	Intelligent Systems	Nintendo
Kirby's Return to Dream Land	8.8	HAL Labs	Nintendo
Phoenix Wright: Ace Attorney	8.8	Capcom	Capcom
Tiger Woods PGA Tour 10	8.8	EA Tiburon	Electronic Arts
DJ Hero	8.7	FreeStyleGames	Activision
Donkey Kong Country Returns	8.7	Retro Studios	Nintendo
La-Mulana	8.7	Pygmy Studio	Rising Star Games
LEGO Star Wars: The Complete Saga	8.7	Traveller's Tales	LucasArts
Little King's Story	8.7	Cing	XSEED Games
Lost in Shadow	8.7	Hudson Soft	Hudson Soft
New Super Mario Bros. Wii	8.7	Nintendo	Nintendo
Sengoku Basara: Samurai Heroes	8.7	Capcom	Capcom
Sin & Punishment: Star Successor	8.7	Treasure	Nintendo
Zack & Wiki: Quest for Barbaros' Treasure	8.7	Capcom	Capcom
Bomberman Blast	8.6	Hudson	Hudson Soft
Boom Blox Bash Party	8.6	EA LA	Electronic Arts
Final Fantasy Crystal Chronicles: The Crystal Bearers	8.6	Square Enix	Square Enix
Fluidity	8.6	Curve Studios	Nintendo
Guitar Hero III: Legends of Rock	8.6	Neversoft Entertainment	RedOctane
Guitar Hero World Tour (2008)	8.6	Neversoft Entertainment	Activision
Harvest Moon: Animal Parade	8.6	Marvelous Entertainment	Natsume
Kirby's Epic Yarn	8.6	Good-Feel	Nintendo
LostWinds: Winter of the Melodias	8.6	Frontier Developments	Frontier Developments
Mario Kart Wii	8.6	Nintendo	Nintendo
Phoenix Wright: Ace Attorney - Trials and Tribulations	8.6	Capcom	Capcom
Tetris Party	8.6	Hudson Soft	Tetris Online, Inc
Boom Blox	8.5	EA LA	Electronic Arts
Dragon Ball Z: Budokai Tenkaichi 2	8.5	Spike	Atari SA
Endless Ocean: Blue World	8.5	Arika	Nintendo
Guitar Hero: Metallica	8.5	Neversoft Entertainment	Activision
Maboshi's Arcade	8.5	Mindware	Nintendo
NHL Slapshot	8.5	EA Sports	EA Sports
Scooby-Doo! and the Spooky Swamp	8.5	Torus Games	Warner Bros. Interactive Entertainment
Scooby-Doo! First Frights	8.5	Torus Games	Warner Bros. Interactive Entertainment
Spider-Man: Friend or Foe	8.5	Next Level Games	Activision
Super Paper Mario	8.5	Intelligent Systems	Nintendo
Tatsunoko vs. Capcom: Ultimate All-Stars	8.5	Eighting	Capcom
The Last Story	8.5	Mistwalker	XSEED Games
Tiger Woods PGA Tour 12: The Masters	8.5	Electronic Arts	Electronic Arts
Battalion Wars 2	8.4	Kuju Entertainment	Nintendo
Bit.Trip Complete / THE BIT.TRIP	8.4	Gaijin Games	Aksys Games
Donkey Kong Jungle Beat	8.4	Nintendo EAD Tokyo 	Nintendo
Final Fantasy Fables: Chocobo's Dungeon	8.4	h.a.n.d. Inc.	Square Enix
Fragile Dreams: Farewell Ruins of the Moon	8.4	Tri-Crescendo	XSEED Games
Michael Jackson The Experience	8.4	Ubisoft Montpellier	Ubisoft
Monster Hunter Tri	8.4	Capcom	Capcom
Mushroom Men: The Spore Wars	8.4	Red Fly Studio	SouthPeak Games
No More Heroes	8.4	Grasshopper Manufacture	Ubisoft
Phoenix Wright: Ace Attorney - Justice for All	8.4	Capcom	Capcom
Prince of Persia: The Forgotten Sands	8.4	Ubisoft Montreal	Ubisoft
Pro Evolution Soccer 2009	8.4	KCET	Konami
Project Zero 2: Wii Edition	8.4	Koei Tecmo Games	Nintendo
Rhythm Heaven Fever	8.4	Nintendo	Nintendo
Rune Factory Frontier	8.4	Neverland	XSEED Games
Sakura Wars: So Long, My Love	8.4	Idea Factory	NIS America
Skate It	8.4	Electronic Arts	Electronic Arts
Swords & Soldiers	8.4	Ronimo Games	Ronimo Games
Tales of Monkey Island Chapter 4: The Trial and Execution of Guybrush Threepwood	8.4	Telltale Games	Telltale Games
Tiger Woods PGA Tour 11	8.4	EA Sports	Electronic Arts
Wario Land: Shake It!	8.4	Good-Feel	Nintendo
Wii Sports Resort	8.4	Nintendo	Nintendo
And Yet It Moves	8.3	Broken Rules	Broken Rules
Arc Rise Fantasia	8.3	Imageepoch	Ignition Entertainment
Baroque	8.3	Sting	Atlus
Bully: Scholarship Edition	8.3	Rockstar Vancouver	Rockstar Games
Call of Duty: World at War	8.3	Treyarch	Activision
chick chick BOOM	8.3	Tons of Bits	Tons of Bits
Contra ReBirth	8.3	M2	Konami
Green Day: Rock Band	8.3	Harmonix Music Systems	MTV Games
Guilty Gear XX Accent Core	8.3	Arc System Works	Aksys Games
MadWorld	8.3	PlatinumGames	Sega
Mega Man 9	8.3	Inti Creates	Capcom
MLB Power Pros	8.3	Konami	2K Sports
Pikmin	8.3	Nintendo	Nintendo
Pro Evolution Soccer 2008	8.3	Konami	Konami
Rabbids Go Home	8.3	Ubisoft Montpellier	Ubisoft
Sonic & Sega All-Stars Racing	8.3	Sumo Digital	Sega
Spectrobes: Origins	8.3	Genki	Disney Interactive Studios
Tales of Monkey Island Chapter 5: Rise of the Pirate God	8.3	Telltale Games	Telltale Games
Bit.Trip Beat	8.2	Gaijin Games	Aksys Games
Bit.Trip Fate	8.2	Gaijin Games	Aksys Games
de Blob	8.2	Blue Tongue Entertainment	THQ
Dead Space: Extraction	8.2	Visceral Games	Electronic Arts
Go Vacation	8.2	Namco Bandai Games	Namco Bandai Games
Inazuma Eleven Strikers	8.2	Level 5	Level 5
Madden NFL 09	8.2	EA Tiburon	Electronic Arts
Mario Strikers Charged	8.2	Next Level Games	Nintendo
MotoHeroz	8.2	RedLynx	RedLynx
NiGHTS: Journey of Dreams	8.2	Sonic Team	Sega
NyxQuest: Kindred Spirits	8.2	Over the Top Games	Over the Top Games
Pinball Hall of Fame: The Williams Collection	8.2	Farsight Studios	System 3
Pokemon Rumble	8.2	Ambrella	Nintendo
Pro Evolution Soccer 2010	8.2	Konami	Konami
Spider-Man: Shattered Dimensions	8.2	Beenox	Activision
Trauma Team	8.2	Atlus	Atlus
Water Warfare	8.2	Hudson Soft	Hudson Soft
Bit.Trip Flux	8.1	Gaijin Games	Aksys Games
Dokapon Kingdom	8.1	Sting	Atlus
EA Sports Active	8.1	EA Canada	EA Sports
escapeVektor: Chapter 1	8.1	Nnooo	Nnooo
GoldenEye 007 (2010)	8.1	Eurocom	Activision
LostWinds	8.1	Frontier Developments	Frontier Developments
Mario Super Sluggers	8.1	Namco Bandai Games	Nintendo
Muramasa: The Demon Blade	8.1	Vanillaware	Ignition Entertainment
Naruto: Clash of Ninja Revolution 2	8.1	Eighting	Tomy Corporation
Pandora's Tower	8.1	Ganbarion	XSEED Games
Phineas and Ferb: Across the 2nd Dimension	8.1	High Impact Games	Disney Interactive Studios
Rage of the Gladiator	8.1	Ghostfire Games	Ghostfire Games
Skylanders: Spyro's Adventure	8.1	Toys for Bob	Activision
Sonic the Hedgehog 4: Episode 1	8.1	Dimps Corporation	Sega
Star Wars: The Force Unleashed	8.1	LucasArts	LucasArts
Tiger Woods PGA Tour 09	8.1	EA Tiburon	Electronic Arts
You Don't Know Jack (2011)	8.1	Jellyvision	THQ
A Boy and His Blob	8.0	WayForward	Majesco
Ben 10: Protector of Earth	8.0	High Voltage Software	D3Publisher
Bit.Trip Core	8.0	Gaijin Games	Aksys Games
Call of Duty: Black Ops	8.0	Treyarch	Activision
de Blob 2	8.0	Blue Tongue Entertainment	THQ
Final Fantasy Crystal Chronicles: My Life as a King	8.0	Square Enix	Square Enix
Fishing Resort	8.0	Prope	XSEED Games
Geometry Wars: Galaxies	8.0	Kuju Entertainment	Sierra Entertainment
Just Dance 3	8.0	Ubisoft	Ubisoft
Mario & Sonic at the London 2012 Olympic Games	8.0	Sega Sports R&D	Sega
Mario Sports Mix	8.0	Square Enix	Nintendo
MLB Power Pros 2008	8.0	Konami	2K Sports
NBA Jam (2010)	8.0	EA Canada	EA Sports
Rock Band	8.0	Harmonix Music Systems	MTV Games
Sonic Colors	8.0	Sonic Team	Sega
Tales of Monkey Island Chapter 3: Lair of the Leviathan	8.0	Telltale Games	Telltale Games
The Dog Island	8.0	Yuke's	Ubisoft
The House of the Dead: Overkill	8.0	Headstrong Games	Sega
The Munchables	8.0	Now Production	Namco Bandai Games
Trauma Center: Second Opinion	8.0	Atlus	Atlus
Wii Fit	8.0	Nintendo	Nintendo
Wii Fit Plus	8.0	Nintendo	Nintendo
Wii Party	8.0	Nd Cube	Nintendo
Alien Syndrome (2007)	7.9	Totally Games	Sega
Band Hero	7.9	Neversoft Entertainment	Activision
EA Sports Active 2	7.9	EA Canada	EA Sports
Klonoa: Door to Phantomile	7.9	Paon Corporation	Namco Bandai Games
LEGO Harry Potter: Years 1-4	7.9	Traveller's Tales	Warner Bros. Interactive Entertainment
LEGO Star Wars III: The Clone Wars	7.9	Traveller's Tales	LucasArts
Mario & Sonic at the Olympic Winter Games	7.9	Sega Sports R&D	Sega
Metroid: Other M	7.9	Team Ninja	Nintendo
Mini Ninjas	7.9	Io Interactive	Eidos Interactive
Mortal Kombat: Armageddon	7.9	Midway	Midway
Naruto Shippuden: Clash of Ninja Revolution III	7.9	Eighting	Tomy Corporation
NHL 2K10	7.9	Take-Two Interactive	Take-Two Interactive
Pro Evolution Soccer 2012	7.9	Konami	Konami
Samba de Amigo	7.9	Gearbox Software	Sega
Samurai Warriors 3	7.9	Omega Force	Nintendo
Silent Hill: Shattered Memories	7.9	Climax Studios	Konami
Star Wars: The Force Unleashed II	7.9	LucasArts	LucasArts
Tales of Monkey Island Chapter 1: Launch of the Screaming Narwhal	7.9	Telltale Games	Telltale Games
Tales of Monkey Island Chapter 2: The Siege of Spinner Cay	7.9	Telltale Games	Telltale Games
The Lord of the Rings: Aragorn's Quest	7.9	Headstrong Games	Warner Bros. Interactive Entertainment
Toki Tori	7.9	Two Tribes	Two Tribes
Wii Sports	7.9	Nintendo	Nintendo
Animal Crossing: City Folk	7.8	Nintendo	Nintendo
Blast Works: Build, Trade, Destroy	7.8	BudCat	Majesco
Castlevania: The Adventure ReBirth	7.8	M2	Konami
Deadly Creatures	7.8	Rainbow Studios	THQ
Disney/Pixar Cars	7.8	Rainbow Studios	THQ
Endless Ocean	7.8	Arika	Nintendo
Excite Truck	7.8	Monster Games Inc.	Nintendo
FAST - Racing League	7.8	Shin'en	Shin'en
Ghost Squad	7.8	Polygon Magic	Sega
Grand Slam Tennis (2012)	7.8	EA Canada	Electronic Arts
Lego Indiana Jones: The Original Adventures	7.8	Traveller's Tales	LucasArts
Marvel: Ultimate Alliance	7.8	Raven Software	Activision
MySims Agents	7.8	Electronic Arts	Electronic Arts
One Piece: Unlimited Adventure	7.8	Ganbarion	Namco Bandai Games
PokePark Wii: Pikachu's Adventure	7.8	Creatures Inc.	Nintendo
Pro Evolution Soccer 2011	7.8	Konami	Konami
Shaun White Snowboarding	7.8	Ubisoft Montreal	Ubisoft
Skylanders Giants	7.8	Toys for Bob	Activision
The Amazing Spider-Man	7.8	Beenox	Activision
DreamWorks Bee Movie Game	7.7	Beenox	Activision
Excitebots: Trick Racing	7.7	Monster Games Inc.	Nintendo
Ghostbusters: The Video Game	7.7	Terminal Reality	Atari SA
Godzilla: Unleashed - Double Smash	7.7	Pipeworks Software, Inc.	Atari SA
Guitar Hero: Warriors of Rock	7.7	Neversoft Entertainment	Activision
Ice Age: Dawn Of The Dinosaurs	7.7	Activision	Activision
LEGO Batman: The Videogame	7.7	Traveller's Tales	Warner Bros. Interactive Entertainment
Madden NFL 10	7.7	EA Tiburon	Electronic Arts
PokePark 2: Wonders Beyond	7.7	Creatures Inc.	Nintendo
Scarface: The World Is Yours	7.7	Radical Entertainment	Vivendi Games
Sonic Riders: Zero Gravity	7.7	Sonic Team	Sega
Super Mario All-Stars	7.7	Nintendo	Nintendo
The Godfather	7.7	Page 44 Studios	Electronic Arts
Tomb Raider: Anniversary	7.7	Crystal Dynamics	Eidos Interactive
Trauma Center: New Blood	7.7	Atlus	Atlus
Bit.Trip Runner	7.6	Gaijin Games	Aksys Games
Bubble Bobble Neo!	7.6	Taito Corporation	Square Enix
Call of Duty 4: Modern Warfare	7.6	Infinity Ward	Activision
Conduit 2	7.6	High Voltage Software	Sega
Fortune Street	7.6	Marvelous AQL	Nintendo
Guilty Gear XX Accent Core Plus	7.6	Arc System Works	Aksys Games
Just Dance 4	7.6	Ubisoft	Ubisoft
LEGO Harry Potter: Years 5-7	7.6	Traveller's Tales	Warner Bros. Interactive Entertainment
Max & the Magic Marker	7.6	Press Play	Press Play
Monster Lab	7.6	Backbone Entertainment	Eidos Interactive
Naruto: Clash of Ninja Revolution	7.6	Eighting	Tomy Corporation
Order Up!	7.6	SuperVillain Studios	Zoo Games
Phantom Brave	7.6	Nippon Ichi Software	NIS America
Rayman Raving Rabbids	7.6	Ubisoft Montpellier	Ubisoft
Sega Superstars Tennis	7.6	Sumo Digital	Sega
Disney/Pixar Toy Story 3	7.6	Avalanche Software	Disney Interactive Studios
Bakugan Battle Brawlers	7.5	Now Production	Activision
Batman: The Brave and the Bold - The Videogame	7.5	WayForward	Warner Bros. Interactive Entertainment
Bonsai Barber	7.5	Zoonami Ltd.	Nintendo
Calling	7.5	Hudson Entertainment	Hudson Entertainment
Cooking Mama: Cook Off	7.5	OfficeCreate	Majesco
Elebits	7.5	Konami	Konami
FIFA Soccer 10	7.5	EA Sports	Electronic Arts
Groovin' Blocks	7.5	Empty Clip Studios	Empty Clip Studios
Madden NFL 11	7.5	EA Tiburon	Electronic Arts
Mario & Sonic at the Olympic Games	7.5	Sega Sports R&D	Sega
Mario Power Tennis	7.5	Camelot Software Planning	Nintendo
Resident Evil: The Darkside Chronicles	7.5	Cavia Inc.	Capcom
Resident Evil: The Umbrella Chronicles	7.5	Cavia Inc.	Capcom
Sam & Max: Save the World	7.5	Telltale Games	The Adventure Company
Teenage Mutant Ninja Turtles: Smash-Up	7.5	Game Arts	Ubisoft
WWE All Stars	7.5	THQ	THQ
Avatar: The Last Airbender - Into the Inferno	7.4	THQ Studio Australia	THQ
Ben 10: Alien Force	7.4	Monkey Bar Games	D3Publisher
Disney Epic Mickey	7.4	Junction Point	Disney Interactive Studios
Dragon Ball: Revenge of King Piccolo	7.4	Media.Vision	Namco Bandai Games
Ivy the Kiwi?	7.4	Prope	XSEED Games
Just Dance 2	7.4	Ubisoft	Ubisoft
LEGO Pirates of the Caribbean: The Video Game	7.4	Traveller's Tales	Disney Interactive Studios
Manhunt 2	7.4	Rockstar Toronto	Rockstar Games
Need for Speed: ProStreet	7.4	EA Black Box	EA Games
Sonic and the Black Knight	7.4	Sonic Team	Sega
Spider-Man: Web of Shadows	7.4	Shaba Games	Activision
SSX Blur	7.4	EA Montreal	EA Sports Big
Super Monkey Ball: Banana Blitz	7.4	Sega	Sega
Tales of Symphonia: Dawn of the New World	7.4	Bandai Namco Games	Namco Bandai Games
The Biggest Loser	7.4	Blitz Games	THQ
The House of the Dead 2 & 3 Return	7.4	Sega	Sega
WWE '12	7.4	Yuke's	THQ
WWE '13	7.4	Yuke's	THQ
Captain America: Super Soldier	7.3	Next Level Games	Sega
Dance Dance Revolution Hottest Party	7.3	Konami	Konami
Disney/Pixar Ratatouille	7.3	Asobo Studio	THQ
FIFA Soccer 11	7.3	EA Sports	Electronic Arts
Final Fantasy Crystal Chronicles: My Life as a Darklord	7.3	Square Enix	Square Enix
Flowerworks	7.3	Nocturnal Entertainment	Nocturnal Entertainment
Guitar Hero: Aerosmith	7.3	Neversoft Entertainment	Activision
Harvest Moon: Tree of Tranquility	7.3	Marvelous Entertainment	Natsume
Indiana Jones and the Staff of Kings	7.3	Artificial Mind and Movement	LucasArts
Mario Party 9	7.3	Nd Cube	Nintendo
Medal of Honor Heroes 2	7.3	EA Canada	Electronic Arts
Need for Speed: Carbon	7.3	EA Canada	EA Games
Onechanbara: Bikini Zombie Slayers	7.3	Tamsoft	D3Publisher
Overlord: Dark Legend	7.3	Climax Studios	Codemasters
Rayman Raving Rabbids: TV Party	7.3	Ubisoft Paris	Ubisoft
Virtua Tennis 2009	7.3	Sumo Digital	Sega
Big Brain Academy: Wii Degree	7.2	Nintendo	Nintendo
Disney/Pixar Cars Race-O-Rama	7.2	Incinerator Games	THQ
Dr. Mario Online RX	7.2	Arika	Nintendo
FlingSmash	7.2	Artoon	Nintendo
Lego Indiana Jones 2: The Adventure Continues	7.2	Traveller's Tales	LucasArts
Need for Speed: Nitro	7.2	EA Montreal	EA Games
Shaun White Snowboarding: World Stage	7.2	Ubisoft	Ubisoft
Sonic Unleashed	7.2	Sonic Team	Sega
Tetris Party Deluxe	7.2	Tetris Online, Inc	Majesco
Cursed Mountain	7.1	Deep Silver	Deep Silver
Super Monkey Ball: Step & Roll	7.1	Sega	Sega
Thor: God of Thunder	7.1	Liquid Entertainment	Sega
Transformers Prime: The Game	7.1	Now Production	Activision
2010 FIFA World Cup South Africa	7.0	Electronic Arts	EA Sports
Avatar: The Last Airbender	7.0	AWE Games	THQ
Call of Duty: Modern Warfare 3	7.0	Infinity Ward	Activision
Crash: Mind Over Mutant	7.0	Radical Entertainment	Activision
FIFA Soccer 12	7.0	Electronic Arts	Electronic Arts
DreamWorks Kung Fu Panda	7.0	Luxoflux, Inc.	Activision
Let's TAP	7.0	Prope	Sega
Monopoly (2008)	7.0	Electronic Arts	Electronic Arts
Muscle March	7.0	NBGI	Namco Bandai Games
Nicktoons: Attack of the Toybots	7.0	Blue Tongue Entertainment	THQ
Prince of Persia Rival Swords	7.0	Ubisoft Montreal	Ubisoft
Rabbids Travel in Time 3D	7.0	Ubisoft	Ubisoft
Secret Files 2: Puritas Cordis	7.0	Animation Arts	Deep Silver
Tenchu: Shadow Assassins	7.0	Acquire	Ubisoft
Thrillville: Off the Rails	7.0	Frontier Developments	LucasArts
Alice in Wonderland (2010)	6.9	Etranges Libellules	Disney Interactive Studios
Alvin and the Chipmunks	6.9	Sensory Sweep	Brash Entertainment
Call of Duty 3	6.9	Treyarch	Activision
Disney/Pixar Cars 2	6.9	Avalanche Software	Disney Interactive Studios
Crash of the Titans	6.9	Radical Entertainment	Sierra Entertainment
Disney Epic Mickey 2: The Power of Two	6.9	Blitz Games Studios	Disney Interactive Studios
Disney G-Force	6.9	Eurocom	Disney Interactive Studios
F1 2009	6.9	Sumo Digital	Codemasters
Final Fantasy IV: The After Years	6.9	Matrix Software	Square Enix
Harry Potter and the Order of the Phoenix	6.9	EA Games	EA Games
Kororinpa: Marble Mania	6.9	Hudson	Konami
Sonic and the Secret Rings	6.9	Sonic Team	Sega
Spider-Man: Edge of Time	6.9	Beenox	Activision
Tom Clancy's Splinter Cell: Double Agent	6.9	Ubisoft Shanghai	Ubisoft
Link's Crossbow Training	6.8	Nintendo	Nintendo
MySims Racing	6.8	EA Games	EA Games
Rayman Raving Rabbids 2	6.8	Ubisoft Montpellier	Ubisoft
The Simpsons Game	6.8	EA Redwood Shores	EA Games
Dewy's Adventure	6.7	Konami	Konami
Karaoke Revolution Glee: Volume 2	6.7	Konami	Konami
Mario Party 8	6.7	Hudson	Nintendo
MySims SkyHeroes	6.7	Electronic Arts	Electronic Arts
Namco Museum Remix	6.7	TOSE	Namco Bandai Games
SimCity Creator	6.7	Electronic Arts	EA Games
Trivial Pursuit	6.7	EA Bright Light	Electronic Arts
We Ski	6.7	Bandai Namco Games	Namco Bandai Games
3D Pixel Racing	6.6	Vidia	Microforum
Abba: You Can Dance	6.6	Ubisoft	Ubisoft
Cooking Mama: World Kitchen	6.6	Cooking Mama Limited	Majesco
Driver: San Francisco	6.6	Ubisoft Reflections	Ubisoft
Nerf N-Strike	6.6	EA Salt Lake	Electronic Arts
Spyborgs	6.6	Bionic Games	Capcom
Star Wars The Clone Wars: Lightsaber Duels	6.6	Krome Studios	LucasArts
Tom Clancy's Ghost Recon (Wii)	6.6	Next Level Games	Ubisoft
Wii Play	6.6	Nintendo	Nintendo
Bleach: Shattered Blade	6.5	Polygon Magic	Sega
Donkey Kong: Barrel Blast	6.5	Paon Corporation	Nintendo
Dragon Quest Swords: The Masked Queen and the Tower of Mirrors	6.5	Genius Sonority Inc.	Square Enix
Ferrari Challenge Trofeo Pirelli	6.5	Eutechnyx	Activision
FIFA 08 Soccer	6.5	EA Canada	EA Sports
Monopoly Streets	6.5	Electronic Arts	Electronic Arts
The Legend of Spyro: Dawn of the Dragon (2008)	6.5	Etranges Libellules	Activision
Wii Play: Motion	6.5	Good-Feel	Nintendo
Need for Speed: The Run	6.4	EA Black Box	Electronic Arts
Red Steel	6.4	Ubisoft Paris	Ubisoft
Worms: A Space Oddity	6.4	Team17	THQ
Disney/Pixar Brave	6.3	Disney Interactive Studios	Disney Interactive Studios
Hasbro Family Game Night	6.3	EA Bright Light	Electronic Arts
Pokemon Battle Revolution	6.3	Genius Sonority Inc.	Nintendo
The Chronicles of Narnia: Prince Caspian	6.3	Traveller's Tales	Disney Interactive Studios
Wii Music	6.3	Nintendo	Nintendo
Just Dance	6.2	Ubisoft Paris	Ubisoft
DreamWorks Madagascar: Escape 2 Africa	6.2	Toys for Bob	Activision
Saban's Power Rangers Samurai	6.2	Inti Creates	Namco Bandai Games
Coraline	6.1	Papaya Studio	D3Publisher
Dead Rising: Chop Till You Drop	6.1	TOSE	Capcom
Pac-Man Party	6.1	TOSE	Namco Bandai Games
Spore Hero	6.1	Maxis	EA Games
The Legend of Spyro: The Eternal Night	6.1	Krome Studios	Sierra Entertainment
Harry Potter and the Half-Blood Prince	6.0	EA Bright Light	EA Games
James Cameron's Avatar: The Game	6.0	Ubisoft Montreal	Ubisoft
007: Quantum of Solace	6.0	Treyarch	Activision
TMNT	6.0	Ubisoft Montreal	Ubisoft
Destroy All Humans! Big Willy Unleashed	5.9	Locomotive Games	THQ
Driver: Parallel Lines	5.9	Reflections Interactive	Atari SA
SpongeBob SquarePants featuring Nicktoons: Globs of Doom	5.9	Incinerator Games	THQ
Valhalla Knights: Eldar Saga	5.9	K2	XSEED Games
WWE SmackDown vs. Raw 2008	5.9	Yuke's	THQ
Avatar: The Last Airbender - The Burning Earth	5.8	THQ	THQ
Battle of the Bands (2008)	5.8	Planet Moon Studios	THQ
Castlevania Judgment	5.8	Eighting	Konami
Drawn to Life: The Next Chapter	5.8	Planet Moon Studios	THQ
SimAnimals	5.8	Electronic Arts	Electronic Arts
Marvel: Ultimate Alliance 2	5.7	Vicarious Visions	Activision
Need for Speed: Undercover	5.7	EA Vancouver	Electronic Arts
DreamWorks Shrek the Third	5.7	7 Studios	Activision
SpongeBob SquarePants: Creature from the Krusty Krab	5.7	Blitz Games	THQ
Alone in the Dark (2008)	5.6	Eden Studios	Atari SA
Carnival Games (2007)	5.6	Cat Daddy Games	Global Star Software
Chicken Shoot	5.6	Destination Software	DSI Games
Deal or No Deal	5.6	Artefacts Studio	Destination Software
Medal of Honor: Vanguard	5.6	Electronic Arts	Electronic Arts
Despicable Me: The Game	5.5	Monkey Bar Games	D3Publisher
Emergency Heroes	5.5	Ubisoft Barcelona	Ubisoft
Grease: The Official Video Game	5.5	Zoe Mode	505 Games
Looney Tunes: Acme Arsenal	5.5	Red Tribe	Warner Bros. Interactive Entertainment
Rampage: Total Destruction	5.5	Pipeworks Software, Inc.	Midway
Battleship (2012)	5.4	Double Helix Games	Activision
Hysteria Hospital: Emergency Ward	5.3	Gameinvest	O-Games
Transformers: Revenge of the Fallen The Mobile Game	5.3	Luxoflux, Inc.	Activision
Ju-on: The Grudge	5.2	FeelPlus	XSEED Games
SoulCalibur Legends	5.2	Namco Bandai Games	Namco Bandai Games
CID The Dummy	5.1	Twelve Games	Oxygen Interactive
Cruis'n	5.1	Midway Studios - San Diego	Midway
Need for Speed: Hot Pursuit	5.1	Criterion Games	Electronic Arts
Disney Bolt	5.0	Avalanche Software	Disney Interactive Studios
Deca Sports	5.0	CAProduction	Konami
My Pokemon Ranch	5.0	Ambrella	Nintendo
Ninja Reflex	4.9	Sanzaru Games	Electronic Arts
Scene It? Twilight	4.9	Screenlife Games	Konami
Disney/Pixar Toy Story Mania!	4.9	Papaya Studio	Disney Interactive Studios
Astro Boy: The Video Game	4.8	High Voltage Software	D3Publisher
Brave: A Warrior's Tale	4.8	Collision Studios	Evolved Games
Frogger Returns	4.7	Hijinx Studios	Konami
Harry Potter and the Deathly Hallows, Part 1	4.7	EA Bright Light	Electronic Arts
Tony Hawk Ride	4.7	Robomodo	Activision
Brothers in Arms: Double Time	4.5	Gearbox Software	Ubisoft
Iron Man (2008)	4.4	Secret Level	Sega
Furu Furu Park	4.3	Taito Corporation	Majesco
Family Party: 30 Great Games	4.2	Tamsoft	D3Publisher
Far Cry	4.2	Crytek	Ubisoft
Iron Man 2	4.1	Sega Studios San Francisco	Sega
Goosebumps HorrorLand	4.0	SScholastic Media	Scholastic, Inc.
101-in-1 Explosive Megamix	3.9	Nordcurrent	Atlus
X-Men: Destiny	3.9	Silicon Knights	Activision
Naruto Shippuden: Dragon Blade Chronicles	3.8	Eighting	Tomy Corporation
Wonder World Amusement Park	3.7	Coyote Console	Majesco
Anubis II	3.4	Data Design Interactive	UFO Interactive
Transformers: Dark of the Moon	3.4	High Moon Studios	Activision
Game Party	3.2	Midway	Midway
Pool Party (2007)	3.2	Hyper-Devbox	SouthPeak Games
Copter Crisis	3.1	Digital Leisure	Digital Leisure
Pimp My Ride	2.6	Eutechnyx	Activision
Enjoy your massage!	2.1	Microforum	Microforum
Ninjabread Man	2.0	Data Design Interactive	Conspiracy Entertainment
101-in-1 Sports Party Megamix	None	Nordcurrent	Atlus
5 Arcade Gems	None	Nordcurrent	Nordcurrent
5 Spots Party	None	Cosmonaut Games	Cosmonaut Games
A Monsteca Corral: Monsters vs. Robots	None	Onteca	Onteca
Academy of Champions: Soccer	None	Ubisoft Vancouver	Ubisoft
Action Girlz Racing	None	Data Design Interactive	Conspiracy Entertainment
Active Life: Extreme Challenge	None	TOSE	Namco Bandai Games
Active Life: Outdoor Challenge	None	h.a.n.d. Inc.	Namco Bandai Games
Adventure Island: The Beginning	None	Hudson	Hudson Entertainment
Agatha Christie: And Then There Were None	None	AWE Games	The Adventure Company
Agatha Christie: Evil Under the Sun	None	AWE Games	The Adventure Company
Alien Crush Returns	None	Tamsoft	Hudson Entertainment
All Star Karate	None	THQ	THQ
AMF Bowling Pinbusters!	None	4J Studios	Vir2L Studios
Angry Birds Star Wars	None	Rovio Entertainment	Rovio Entertainment
Angry Birds Trilogy	None	Rovio Entertainment	Activision
Anima: Ark of Sinners	None	Anima Game Studio	Anima Game Studio
Another Code: R - A Journey into Lost Memories	None	Cing	Nintendo
Ant Nation	None	Kouyousha	Konami
AquaSpace	None	Paon Corporation	Nintendo
Arcade Essentials	None	Nordcurrent	Nordcurrent
Arcade Sports	None	Icon Games	Icon Games
Arkanoid Plus!	None	Taito Corporation	Square Enix
Art Style: CUBELLO	None	Nintendo	Nintendo
Art Style: light trax	None	Skip Ltd.	Nintendo
Art Style: ORBIENT	None	Nintendo	Nintendo
Art Style: ROTOHEX	None	Nintendo	Nintendo
Art Style: Rotozoa	None	Skip Ltd.	Nintendo
Attack of the Movies 3D	None	Panic Button	Majesco
ATV Quad Kings	None	Beyond Reality	Zoo Games
Backyard Baseball '09	None	Humongous Entertainment	Atari SA
Balls of Fury	None	Black Lantern Studios	DSI Games
Bejeweled 2	None	PopCap	PopCap
Ben 10 Alien Force: The Rise of Hex	None	Black Lantern Studios	Konami
Ben 10 Alien Force: Vilgax Attacks	None	Papaya Studio	D3Publisher
Beyblade: Metal Fusion - Battle Fortress	None	Hudson Soft	Hudson Entertainment
Big Beach Sports	None	HB Studios Multimedia	THQ
Bionicle Heroes	None	Traveller's Tales	Eidos Interactive
Bit Boy!!	None	Bplus	Bplus
Bit.Trip Void	None	Gaijin Games	Aksys Games
Blaster Master: Overdrive	None	SunSoft	SunSoft
Blazing Angels: Squadrons of WWII	None	Ubisoft	Ubisoft
Block Breaker Deluxe	None	Gameloft	Gameloft
Blood Beach	None	Coresoft Inc.	Coresoft Inc.
Bloons	None	Bloober Team	Hands-On Mobile
Bobby Carrot Forever	None	FDG Entertainment	FDG Entertainment
Bomberman Land	None	Racjin	Hudson Entertainment
Boogie	None	EA Montreal	Electronic Arts
Brain Challenge	None	Gameloft	Microsoft Game Studios
Brunswick Pro Bowling (2007)	None	Point of View	Crave
Bust-A-Move Bash!	None	Happy Happening	Majesco
Bust-A-Move Plus!	None	Taito Corporation	Square Enix
Calvin Tucker's Redneck Jamboree	None	Humagade	Zoo Games
Carnival Games: Mini-Golf	None	Cat Daddy Games	2K Play
Cartoon Network: Punch Time Explosion	None	Papaya Studio	Crave
Castle of Shikigami III	None	Alfa System	Aksys Games
Cate West: The Vanishing Files	None	Destineer	Destineer
Celebrity Sports Showdown	None	EA Canada	Electronic Arts
Chronos Twins DX	None	EnjoyUp Games	EnjoyUp Games
Chrysler Classic Racing	None	EM Studios	Zoo Games
Cloudy With a Chance of Meatballs	None	Ubisoft Shanghai	Ubisoft
Club Penguin: Game Day!	None	Artoon	Disney Interactive Studios
Cocoto Fishing Master	None	Neko Entertainment	Neko Entertainment
Cocoto Platform Jumper	None	Neko Entertainment	Neko Entertainment
Code Lyoko: Quest for Infinity	None	The Game Factory	The Game Factory
ColorZ	None	Exkee	Exkee
Cosmic Family	None	Ubisoft Barcelona	Ubisoft
Cranium Kabookii	None	Ubisoft Quebec	Ubisoft
Create	None	EA Bright Light	EA Games
Critter Round-Up	None	Epicenter Studios	Konami
Crystal Defenders	None	TOSE	Square Enix
CSI: Crime Scene Investigation: Hard Evidence	None	Telltale Games	Ubisoft
Dance Dance Revolution: Hottest Party 2	None	Konami	Konami
Dance Dance Revolution: Hottest Party 3	None	Konami	Konami
Dance on Broadway	None	Longtail Studios	Ubisoft
Dancing with the Stars	None	Zoe Mode	Activision
Data East Arcade Classics	None	G1M2	Majesco
Dave Mirra BMX Challenge	None	Left Field Productions	Crave
Dawn of Discovery	None	Blue Byte	Ubisoft
Death Jr.: Root of Evil	None	Backbone Entertainment	Eidos Interactive
Deca Sports 2	None	CAProduction	Hudson
Deca Sports 3	None	Hudson	Hudson Entertainment
Def Jam Rapstar	None	4mm Games	Konami
Defend Your Castle	None	XGenStudios	XGenStudios
Defendin' DePenguin	None	Crave	Crave
Diner Dash	None	Climax Studios	Eidos Interactive
DiRT 2	None	Codemasters	Codemasters
Disaster: Day of Crisis	None	Monolith Soft	Nintendo
Disney Guilty Party	None	Wideload Games Inc.	Disney Interactive Studios
Disney Infinity	None	Avalanche Software	Disney Interactive Studios
Disney Pirates of the Caribbean: At World's End	None	Eurocom	Disney Interactive Studios
Disney/Pixar Up	None	Heavy Iron Studios	THQ
Disney Tangled: The Video Game	None	Planet Moon Studios	Disney Interactive Studios
Disney Universe	None	Eurocom	Disney Interactive Studios
Disney*Pixar WALL-E	None	Heavy Iron Studios	THQ
Disney's Chicken Little: Ace in Action	None	DC Studios	Buena Vista Games
Disney's Meet the Robinsons	None	Buena Vista Games	Buena Vista Games
Disney's TRON: Evolution - Battle Grids	None	n-Space	Disney Interactive Studios
Dive: The Medes Islands Secret	None	Over the Top Games	Cosmonaut Games
Doc Clock: The Toasted Sandwich of Time	None	Stickmen Studios	Stickmen Studios
Doc Louis's Punch-Out!!	None	Next Level Games	Nintendo
Domino Rally	None	RED Entertainment	UFO Interactive
Don King Boxing	None	2K Shanghai	2K Sports
Dood's Big Adventure	None	THQ	THQ
Nickelodeon Dora the Explorer: Dora Saves the Snow Princess	None	High Voltage Software	Take-Two Interactive
Dracula: Undead Awakening	None	Chillingo	Chillingo
Dragon Blade: Wrath of Fire	None	D3Publisher	D3Publisher
Dream Pinball 3D	None	TopWare Interactive	SouthPeak Games
DreamWorks How to Train Your Dragon	None	Etranges Libellules	Activision
DreamWorks Kung Fu Panda 2	None	THQ	THQ
DreamWorks Monsters vs. Aliens	None	Beenox	Activision
Drill Sergeant Mindstrong	None	Hi Corp	XSEED Games
EA Playground	None	EA Canada	Electronic Arts
EA Sports Active More Workouts	None	Electronic Arts	Electronic Arts
Eat! Fat! Fight!	None	Tecmo	Tecmo
Eco Shooter: Plant 530	None	Intelligent Systems	Nintendo
Eduardo the Samurai Toaster	None	Semnant Studios	Semnant Studios
Emergency Mayhem	None	Supersonic Software	Codemasters
EQUILIBRIO	None	DK Games	DK Games
Escape from Bug Island	None	Spike	Eidos Interactive
Evasive Space	None	High Voltage Software	Yuke's
Excitebike: World Rally	None	Monster Games Inc.	Nintendo
Exerbeat	None	Namco Bandai Games	Namco Bandai Games
FaceBreaker	None	EA Canada	EA Sports
Family Pirate Party	None	Aksys Games	Aksys Games
Family Slot Car Racing	None	Arc System Works	Aksys Games
Family Table Tennis	None	Arc System Works	Aksys Games
Fantastic Four: Rise of the Silver Surfer	None	Visual Concepts	2K Games
Fast Draw Showdown	None	Digital Leisure	Digital Leisure
Fast Food Panic	None	Dorasu	SouthPeak Games
Ferrari: The Race Experience	None	System 3	System 3
FIFA 14	None	EA Canada	EA Sports
FIFA 15	None	EA Sports	Electronic Arts
FIFA Soccer 13	None	Electronic Arts	EA Sports
Final Fantasy Crystal Chronicles: Echoes of Time	None	Square Enix	Square Enix
Fish'em All!	None	Abylight	Abylight
Fishie Fishie	None	DK Games	DK Games
Fishing Master (2007)	None	Hudson Soft	Konami
FlatOut (2010)	None	Team6 Game Studios	Zoo Games
Flight Control	None	Firemint Pty Ltd	Firemint Pty Ltd
Flip's Twisted World	None	Frozen North Productions	Majesco
Food Network: Cook or Be Cooked	None	Red Fly Studio	Namco Bandai Games
Ford Racing: Off Road	None	Razorworks	Empire Interactive
Fun! Fun! Minigolf	None	Shin'en	Shin'en
Furry Legends	None	Gamelion Studios	Gamelion Studios
G.I. Joe: The Rise of Cobra	None	Double Helix Games	Electronic Arts
Gabrielle's Ghostly Groove: Monster Mix	None	Santa Entertainment	Natsume
Game Party 2	None	Midway	Midway
Game Party 3	None	Farsight Studios	Warner Bros. Interactive Entertainment
George of the Jungle and the Search for the Secret	None	Crave	Crave
Ghost Mania	None	Legendo Entertainment	Legendo Entertainment
Gnomz	None	QubicGames	QubicGames
Gods vs. Humans	None	Artefacts Studio	Zallag
Gormiti: The Lords of Nature!	None	Climax Studios	Konami
Gradius ReBirth	None	M2	Konami
Gravitronix	None	Medaverse Studios	Medaverse Studios
Green Lantern: Rise of the Manhunters	None	Double Helix Games	Warner Bros. Interactive Entertainment
Grey's Anatomy: The Video Game	None	Longtail Studios	Ubisoft
GT Pro Series	None	MTO	Ubisoft
GTI Club Supermini Festa!	None	Konami	Konami
Guinness World Records: The Videogame	None	TT Fusion	Warner Bros. Interactive Entertainment
Guitar Hero: Smash Hits	None	Beenox	Activision
Guitar Hero: Van Halen	None	Neversoft Entertainment	Activision
Gummy Bears Minigolf	None	Beyond Reality	Storm City Games
Gunblade NY & L.A. Machineguns Arcade Hits Pack	None	Sega	Sega
Gyrostarr	None	High Voltage Software	High Voltage Software
Happy Feet	None	Artificial Mind and Movement	Midway
Happy Hammerin'	None	Agenda	Gamebridge
Harry Potter and the Deathly Hallows, Part 2	None	EA Bright Light	Electronic Arts
Harvest Moon: Magical Melody	None	Marvelous Entertainment	Natsume
Harvey Birdman: Attorney at Law	None	High Voltage Software	Capcom
Hasbro Family Game Night 2	None	Electronic Arts	Electronic Arts
Haunted House (2010)	None	ImaginEngine	Atari SA
Heatseeker	None	IR Gurus	Codemasters
Helix (2008)	None	Ghostfire Games	Ghostfire Games
Hell's Kitchen	None	Ludia Inc.	Ubisoft
Help Wanted: 50 Wacky Jobs	None	Hudson Soft	Hudson Entertainment
Heracles Chariot Racing	None	Neko Entertainment	Neko Entertainment
Heron: Steam Machine	None	Triangle Studios	Triangle Studios
High School Musical: Sing It!	None	Artificial Mind and Movement	Disney Interactive Studios
High Voltage Hot Rod Show	None	High Voltage Software	High Voltage Software
HoopWorld	None	Virtual Toys	Virtual Toys
Horrible Histories: Ruthless Romans	None	Virtual Identity	Graffiti Entertainment
iCarly	None	Blitz Games	Activision
iCarly 2: iJoin The Click!	None	Big Blue Bubble Inc.	Activision
Ice Age 2: The Meltdown	None	Eurocom	Vivendi Games
Imagine Party Babyz	None	Ubisoft	Ubisoft
Indianapolis 500 Legends	None	Torus Games	Destineer
Iron Chef America: Supreme Cuisine	None	Black Lantern Studios	Destineer
Jam City Rollergirls	None	Frozen Codebase	Frozen Codebase
Jambo! Safari: Animal Rescue	None	Full Fat	Sega
Jenga World Tour	None	Atomic Planet Entertainment	Atari SA
Jerry Rice & Nitus' Dog Football	None	Judo Baby	Tommo
Jett Rocket	None	Shin'en	Shin'en
Jillian Michaels' Fitness Ultimatum 2009	None	3G Studios	Majesco
Jumper: Griffin's Story	None	Red Tribe	Brash Entertainment
JumpStart: Escape From Adventure Island	None	Knowledge Adventure Inc.	Knowledge Adventure Inc.
JumpStart Pet Rescue	None	Knowledge Adventure Inc.	Knowledge Adventure Inc.
Jungle Speed	None	Next Level Games	Playful Entertainment, Inc.
Just Dance 2014 (French)	None	Ubisoft	Ubisoft
Just Dance 2015	None	Ubisoft	Ubisoft
Karaoke Revolution	None	Secret Level	Konami
King of Clubs	None	Oxygen Interactive	Crave
Kung Fu Funk: Everybody is Kung Fu Fighting!	None	Stickmen Studios	Stickmen Studios
DreamWorks Kung Fu Panda: Legendary Warriors	None	Artificial Mind and Movement	Activision
Kyotokei	None	Microforum	Microforum
Lead the Meerkats	None	Inaria Interactive	Lapland Studio
Legend of the Dragon	None	Neko Entertainment	The Game Factory
Legend of the Guardians: The Owls of Ga'Hoole	None	Krome Studios	Warner Bros. Interactive Entertainment
LEGO Batman 2: DC Super Heroes	None	TT Games	Warner Bros. Interactive Entertainment
Lego Rock Band	None	TT Fusion	Warner Bros. Interactive Entertainment
LEGO The Lord of the Rings	None	TT Games	Warner Bros. Interactive Entertainment
Let's Catch	None	Prope	Sega
lilt line	None	different cloth	Gaijin Games
Line Rider 2: Unbound	None	InXile Entertainment	Genius Products, Inc.
LIT	None	WayForward	WayForward
Little League World Series Baseball 2008	None	Now Production	Activision
Lonpos	None	Genki	Nintendo
Lost in Blue: Shipwrecked	None	Hudson Soft	Konami
M&M's Beach Party	None	Digital Embryo	Zoo Games
M&M's Kart Racing	None	FrontLine Studios	DSI Games
Mad Dog McCree: Gunslinger Pack	None	Digital Leisure	Majesco
Madden NFL 07	None	EA Tiburon	EA Sports
Madden NFL 08	None	EA Tiburon	EA Sports
Magnetica Twist	None	Mitchell	Nintendo
Magnetis	None	Yullaby	Yullaby
Major League Baseball 2K10	None	Visual Concepts	2K Sports
Major League Baseball 2K8	None	Kush Games	2K Sports
Major League Baseball 2K9	None	2K Sports	2K Sports
Major League Eating: The Game	None	Sensory Sweep	Mastiff
Major Minor's Majestic March	None	NanaOn-Sha	Majesco
Manic Monkey Mayhem	None	The Code Monkeys	The Code Monkeys
Marble Saga: Kororinpa	None	Hudson Entertainment	Konami
Mart Racer	None	Joju Games, Inc.	Joju Games, Inc.
Marvel Super Hero Squad	None	Blue Tongue Entertainment	THQ
Marvel Super Hero Squad: The Infinity Gauntlet	None	THQ	THQ
Mega Man 10	None	Inti Creates	Capcom
Mercury Meltdown Revolution	None	Ignition Entertainment	Ignition Entertainment
Metroid Prime Trilogy	None	Retro Studios	Nintendo
Midnight Bowling	None	Gameloft	Gameloft
Midnight Pool	None	Gameloft	Gameloft
Miffy's World	None	PAN Vision	PAN Vision
Military Madness: Nectaris	None	Backbone Entertainment	Hudson Entertainment
M&M's Adventure (2008)	None	Nikitova Games	Zoo Digital Publishing
Monochrome Racing	None	Nordcurrent	Nordcurrent
Monster 4X4: World Circuit	None	Ubisoft	Ubisoft
Mortimer Beckett and the Secrets of Spooky Manor	None	Pronto Games	RealNetworks
MotoGP 08	None	Milestone S.r.l	Capcom
Mr Bean's Wacky World of Wii	None	Blast! Entertainment Ltd	Crave
Mr. Driller W	None	Bandai Namco Games	Namco Bandai Games
MX vs. ATV Untamed	None	Rainbow Studios	THQ
My Aquarium	None	Hudson Soft	Hudson Soft
My Horse & Me	None	W!Games	Atari SA
My Word Coach	None	Ubisoft	Ubisoft
MySims Party	None	EA Games	EA Games
Mystery Case Files: The Malgrave Incident	None	Sanzaru Games	Nintendo
Namco Museum Megamix	None	Namco Bandai Games	Namco Bandai Games
Nancy Drew: The White Wolf of Icicle Creek	None	Her Interactive	Her Interactive
NASCAR 2011: The Game	None	Eutechnyx	Activision
NASCAR Kart Racing	None	Electronic Arts	Electronic Arts
NBA 2K13	None	Visual Concepts	2K Sports
NBA Live 08	None	EA Canada	EA Sports
NBA Live 09	None	EA Canada	EA Sports
NCAA Football 09	None	EA Tiburon	Electronic Arts
Neighborhood Games	None	Jet Black Games	THQ
Neopets Puzzle Adventure	None	Infinite Interactive	Capcom
Nerf N-Strike Elite	None	EA Salt Lake	Electronic Arts
NEVES Plus	None	Yuke's	Yuke's
NHL 2K11	None	Visual Concepts	2K Sports
NHL 2K9	None	Visual Concepts	Take-Two Interactive
Nickelodeon Barnyard	None	Blue Tongue Entertainment	THQ
Night at the Museum: Battle of the Smithsonian The Video Game	None	Majesco	Majesco
Niki: Rock 'n' Ball	None	Bplus	Bplus
Nintendo Wii	None	Nintendo	Nintendo
Nitrobike	None	Left Field Productions	Ubisoft
No More Heroes 2: Desperate Struggle	None	Grasshopper Manufacture	Ubisoft
Octomania	None	Compile Heart	Conspiracy Entertainment
Onslaught (2009)	None	Hudson Entertainment	Hudson Entertainment
Open Season	None	Ubisoft	Ubisoft
Opoona	None	ArtePiazza	Koei
Overturn (2009)	None	Studio Zan	Studio Zan
Pallurikio	None	Playstos Entertainment	Playstos Entertainment
PDC World Championship Darts 2008	None	Oxygen Interactive	O-Games
Pearl Harbor Trilogy - 1941: Red Sun Rising	None	Arcade Moon	Legendo Entertainment
Pictionary (2010)	None	Page 44 Studios	THQ
Pikmin 2	None	Nintendo	Nintendo
Pirates PlundArrr	None	Boomzap Entertainment	Majesco
Pirates: The Key of Dreams	None	Oxygen Interactive	Oxygen Interactive
Pirates vs Ninjas Dodgeball	None	Blazing Lizard	SouthPeak Games
Pit Crew Panic!	None	Hudson Soft	Hudson Entertainment
Planet 51 The Game	None	Pyro Studios	Sega
Plattchen: Twist 'n' Paint	None	Bplus	Bplus
Pong Toss: Frat Party Games	None	JV Games Inc.	JV Games Inc.
Pool Hall Pro	None	Icon Games	Playlogic
Pop	None	Nnooo	Nnooo
Pop 'Em Drop 'Em Samegame	None	Hudson Entertainment	Hudson Entertainment
Potpourrii (2008)	None	Abstraction Games	Abstraction Games
Professor Heinz Wolff's Gravity	None	Deep Silver	Deep Silver
Protothea	None	Digital Builders	Ubisoft
Pub Darts	None	Big Blue Bubble Inc.	Big Blue Bubble Inc.
Pucca's Kisses Game	None	Bigben Interactive	Bigben Interactive
Punch-Out!!	None	Next Level Games	Nintendo
Puzzle Kingdoms	None	Infinite Interactive	Zoo Games
Puzzle Quest: Challenge of the Warlords	None	1st Playable Productions	D3Publisher
Racquet Sports	None	Asobo Studio	Ubisoft
Rainbow Islands: Towering Adventure!	None	Taito Corporation	Square Enix
Rango (2011)	None	Behaviour Interactive	Paramount Digital Entertainment
Rapala Tournament Fishing!	None	MagicWand	Activision
Rapala's Fishing Frenzy	None	FUN Labs	Activision
Ready 2 Rumble Revolution	None	10tacle Studios	Atari SA
Real Heroes: Firefighter	None	Epicenter Studios	Conspiracy Entertainment
Rebel Raiders: Operation Nighthawk	None	Kando Games	XS Games
Red Steel 2	None	Ubisoft Paris	Ubisoft
Robocalypse: Beaver Defense	None	Vogster	Vogster
Robox (2010)	None	DreamBox Games	DreamBox Games
Rock N' Roll Climber	None	Vitei	Nintendo
Rock Revolution	None	Zoe Mode	Konami
Rockstar Games presents Table Tennis	None	Rockstar San Diego	Rockstar Games
Rodea the Sky Soldier	None	Kadokawa	NIS America
Rogue Trooper: Quartz Zone Massacre	None	Rebellion	Graffiti Entertainment
Rolling Stone: Drum King	None	505 Games	505 Games
Roogoo: Twisted Towers	None	SpiderMonk	SouthPeak Games
Rooms: The Main Building	None	HandMade Game	Hudson Entertainment
Rubik's Puzzle Galaxy: RUSH	None	Two Tribes	The Game Factory
Rubik's World	None	Two Tribes	The Game Factory
Rune Factory: Tides of Destiny	None	Neverland	Natsume
Rygar: The Battle of Argus	None	Tecmo	Tecmo
Safecracker: The Ultimate Puzzle Adventure	None	Kheops Studio	The Adventure Company
Sam & Max: Beyond Time and Space	None	Telltale Games	Microsoft Game Studios
Samurai Shodown Anthology	None	SNK Playmore	SNK Playmore
Samurai Warriors: Katana	None	Omega Force	Koei
Sandy Beach	None	Frozen Codebase	Konami
Scene It? Bright Lights! Big Screen!	None	Artificial Mind and Movement	Warner Bros. Interactive Entertainment
Secret Files: Tunguska	None	Fusionsphere Systems	The Adventure Company
Sega Bass Fishing (2008)	None	Cavia Inc.	Sega
Sexy Poker	None	Gameloft	Gameloft
ShadowPlay	None	Deep Fried Entertainment	Deep Fried Entertainment
Shaun White Skateboarding	None	Ubisoft Montreal	Ubisoft
Shiren the Wanderer	None	ChunSoft	Atlus
Shootanto: Evolutionary Mayhem	None	Grandprix Inc.	Hudson Entertainment
Showtime Championship Boxing	None	Nikitova Games	DSI Games
Sid Meier's Pirates!	None	Firaxis Games	Atari SA
Silver Star Chess (2008)	None	Agetec	Agetec
SimAnimals Africa	None	Electronic Arts	Electronic Arts
Six Flags Fun Park	None	7 Studios	Ubisoft
Skate City Heroes	None	Zeroscale	Zoo Games
Skylanders SuperChargers Racing	None	Beenox	Activision
Skylanders Swap Force	None	Vicarious Visions	Activision
Skylanders Trap Team	None	Toys for Bob	Activision
Smarty Pants	None	Planet Moon Studios	Electronic Arts
Sniper Elite	None	Rebellion	Namco
SNK Arcade Classics Vol. 1	None	SNK Playmore	SNK Playmore
Snowboard Riot	None	Hudson Soft	Hudson Entertainment
Soccer Bashi	None	Icon Games	Icon Games
Space Invaders Get Even	None	Taito Corporation	Square Enix
Spaceball: Revolution	None	Virtual Toys	Virtual Toys
Speed Racer	None	Sidhe Interactive	Warner Bros. Interactive Entertainment
Speed Zone	None	Awesome Play Ltd.	Detn8
Spider-Man 3	None	Treyarch	Activision
SPOGS Racing	None	Pronto Games	D2C Games
SpongeBob Squigglepants	None	WayForward	THQ
SpongeBob's Atlantis SquarePantis	None	Altron	THQ
SpongeBob's Truth or Square	None	Heavy Iron Studios	THQ
SPRay	None	EKO Software	Tecmo
Squeeballs Party	None	Performance Designed Products	Performance Designed Products
Star Soldier R	None	Hudson Soft	Hudson Soft
Star Trek: Conquest	None	4J Studios	Bethesda Softworks
Star Wars The Clone Wars: Republic Heroes	None	Krome Studios	LucasArts
Stop Stress: A Day of Fury	None	Abylight	Abylight
Strong Bad's Cool Game for Attractive People Episode 1: Homestar Ruiner	None	Telltale Games	Telltale Games
Summer Athletics: The Ultimate Challenge	None	49Games	Conspiracy Entertainment
Summer Sports: Paradise Island	None	Destineer	Destineer
Super Swing Golf	None	Ntreev Soft	Tecmo
Super Swing Golf Season 2	None	Tecmo	Tecmo
Surf's Up	None	Ubisoft	Ubisoft
Tak and the Guardians of Gross	None	THQ	THQ
Tales of Elastic Boy - Mission 1	None	Lexis Numerique	Lexis Numerique
Tamagotchi Party On!	None	h.a.n.d. Inc.	Namco Bandai Games
Target: Terror	None	Leviathan Games	Konami
Ten Pin Alley 2	None	Other Ocean Interactive	XS Games
Texas Hold'em Poker	None	Gameloft	Gameloft
Texas Hold'em Tournament	None	Digital Leisure	Digital Leisure
The Ant Bully	None	Artificial Mind and Movement	Midway
The Bigs	None	Blue Castle Games	2K Sports
The Bigs 2	None	Blue Castle Games	2K Sports
The Garfield Show: Threat of the Space Lasagna	None	Zoo Games	Zoo Games
The Golden Compass	None	Shiny Entertainment	Sega
The Grim Adventures of Billy & Mandy	None	High Voltage Software	Midway
The Hardy Boys: The Hidden Theft	None	Xpec	DreamCatcher Interactive
The Incredible Hulk (2008)	None	Edge of Reality	Sega
The Incredible Maze	None	Digital Leisure	Digital Leisure
The Island of Dr. Frankenstein	None	Visual Impact	Storm City Games
The King of Fighters Collection: The Orochi Saga	None	M2	SNK Playmore
The Kore Gang	None	Snap Dragon Games	Atari SA
The Last Airbender	None	THQ	THQ
The Magic Obelisk	None	Game Arts	Game Arts
The Mummy: Tomb of the Dragon Emperor	None	Eurocom	Sierra Entertainment
The Mystery of Whiterock Castle	None	Keen Games	RTL Interactive LLC
The Secret Saturdays: Beasts of the 5th Sun	None	High Voltage Software	D3Publisher
The Sims 2: Castaway	None	Maxis	Electronic Arts
The Sims 2: Pets	None	Maxis	EA Games
The Sims 3	None	The Sims Studio	Electronic Arts
The Sky Crawlers: Innocent Aces	None	Access Games	XSEED Games
The Spiderwick Chronicles	None	Stormfront Studios	Sierra Entertainment
The Tales of Bearsworth Manor: Chaotic Conflicts	None	Square Enix	Square Enix
The Tales of Bearsworth Manor: Puzzling Pages	None	Square Enix	Square Enix
The Three Musketeers: One for All!	None	Legendo Entertainment	Legendo Entertainment
ThruSpace	None	Keys Factory	Nintendo
Tiger Woods PGA Tour 07	None	EA Redwood Shores	EA Sports
Tiger Woods PGA Tour 08	None	EA Salt Lake	EA Sports
TNA iMPACT!	None	Midway Studios - Los Angeles	Midway
Tom Clancy's HAWX 2	None	Ubisoft	Ubisoft
Tomb Raider: Underworld	None	Crystal Dynamics	Eidos Interactive
Tomena Sanner	None	Konami	Konami
Tony Hawk's Downhill Jam	None	Toys for Bob	Activision
Tony Hawk's Proving Ground	None	Neversoft Entertainment	Activision
Top Spin 3	None	Pam Development	2K Sports
Top Spin 4	None	2K Czech	2K Sports
Toribash	None	Nabi Studios	Nabi Studios
Tornado Outbreak	None	Loose Cannon Studios	Konami
Tournament of Legends	None	High Voltage Software	Sega Europe
TrackMania: Build to Race	None	Firebrand Games	City Interactive
Transformers: The Game	None	Traveller's Tales	Activision
Transformers: War for Cybertron	None	High Moon Studios	Activision
Trenches Generals	None	Fishing Cactus	Fishing Cactus
TV Show King	None	Gameloft	Gameloft
TV Show King 2	None	Gameloft	Gameloft
Twin Strike: Operation Thunder	None	Naps Team	Zoo Digital Publishing
uDraw Studio	None	THQ	THQ
UFC Personal Trainer: The Ultimate Fitness System	None	Heavy Iron Studios	THQ
Ultimate Band	None	Disney Interactive Studios	Disney Interactive Studios
Ultimate Duck Hunting	None	Mid Carolina Media	Detn8
Ultimate Shooting Collection	None	MileStone Inc.	UFO Interactive
V.I.P. Casino Blackjack	None	High Voltage Software	High Voltage Software
Vampire Crystals	None	Shanblue Interactive	Shanblue Interactive
Vegas Party	None	Storm City Games	Storm City Games
Vertigo (2009)	None	Icon Games	Playlogic
Victorious Boxers: Revolution	None	Grandprix Inc.	XSEED Games
Viral Survival	None	PeakVox	NIS America
Virtua Tennis 4	None	Sega	Sega
Wacky Races: Crash & Dash	None	Eidos Sweden	Eidos Interactive
Wacky World of Sports	None	Tabot	Sega
WarioWare D.I.Y. Showcase	None	Intelligent Systems	Nintendo
WarioWare: Smooth Moves	None	Intelligent Systems	Nintendo
We Cheer	None	Machatin, Inc.	Namco Bandai Games
We Cheer 2	None	Machatin, Inc.	Namco Bandai Games
We Love Golf!	None	Camelot Software Planning	Capcom
We Ski & Snowboard	None	Bandai Namco Games	Namco Bandai Games
Where the Wild Things Are	None	Griptonite Games	Warner Bros. Interactive Entertainment
Wii Sports/Wii Sports Resort	None	Nintendo	Nintendo
Wild Earth: African Safari	None	Super X Studios	Majesco
Wild West Guns	None	Gameloft	Gameloft
Wing Island	None	CAProduction	Hudson
Winter Sports: The Ultimate Challenge	None	49Games	Conspiracy Entertainment
Wipeout: The Game	None	Activision	Activision
Word Searcher	None	Digital Leisure	Digital Leisure
World Series of Poker: Tournament of Champions	None	Left Field Productions	Activision
Worms: Battle Islands	None	Team17	Team17
WWE SmackDown vs. Raw 2009	None	Yuke's	THQ
WWE SmackDown vs. Raw 2010	None	Yuke's	THQ
WWE SmackDown vs. Raw 2011	None	Yuke's	THQ
WWII Aces	None	Arcade Moon	Destineer
X-MEN ORIGINS: WOLVERINE	None	Raven Software	Activision
Yard Sale Hidden Treasures: Sunnyville	None	Konami	Konami
You, Me, and the Cubes	None	fyto	Nintendo
Your Shape Featuring Jenny McCarthy	None	Ubisoft	Ubisoft
Yu-Gi-Oh! 5D's Wheelie Breakers	None	Konami	Konami
Zombie Panic in Wonderland	None	Akaoni Studio	Akaoni Studio
Zombii Attack	None	Gamers Digital	Gamers Digital
Zoo Hospital	None	Torus Games	Majesco
